sentence,matches
ايران تعلن عن اختبار جديد ناجح لصاروخ شهاب 3,"['                              \u202dBBC Arabic\u202c - \u202eالشرق الأوسط\u202c - \u202eايران تعلن عن مقترح نووي جديد\u202c                          content=""كبير المفاوضين النوويين الايرانيين يقول إن بلاده اعدت مقترحات جديدة لحلحلة ازمتها النووية مع الغرب، وانها مستعدة لاستئناف التفاوض حول ملفها النووي.""', '/>                            الرئيسية          الشرق الأوسط   \t\t  العالم   \t\t  شارك برأيك   \t\t  اقتصاد وأعمال   \t\t  منوعات  \t \t\t  علوم وتكنولوجيا   \t\t  رياضة   \t\t  راديو وتلفزيون                   آخر تحديث:  \xa0الثلاثاء, 1 سبتمبر/ أيلول, 2009, 11:56 GMT            ايران تعلن عن مقترح نووي جديد                 قال سعيد جليلي كبير المفاوضين النوويين الايرانيين إن بلاده اعدت مقترحات جديدة لحلحلة ازمتها النووية مع الغرب، وانها مستعدة لاستئناف التفاوض حول ملفها النووي.', 'وادى ابحاثهم الى بحث اخرين عن سبل جديدة لعلاج السرطان.', 'في شهر أيار/مايو 2009: بيونجيانج تعلن قيامها بإجراء ثاني اختبار نووي ""ناجح"" تحت الأرض، وتقول إنه كان أكثر قوة من الاختبار الذي أجرته في عام 2006.', 'واضاف: &#34;ان التغيرات ستشمل مساحات جديدة من التعاون&#34;.']"
وأكد النواب أن إجراء مفاوضات مع إسرائيل لتصدير الغاز يعد خرقاً واضحاً ومرفوضاً لقرار الحكومة الصادر منذ عام 2000 بتجميد كافة العلاقات الاقتصادية والتجارية مع إسرائيل رداً على الممارسات الإسرائيلية ضد الانتفاضة الفلسطينية وما تلاها من أحداث، إضافة إلى بدء بناء السور العازل رغم المعارضة العربية والدولية له.,"['المناهج الإسرائيلية.', 'وأكد أن ""دولة إسرائيل يجب ان تعيش إلى جانب الدولة الفلسطينية"".', 'لم تقرر القيادة الفلسطينية في يوم من الأيام أن تبدأ الانتفاضة.', 'هذه سياسة الحكومة.', 'وفي اوائل عام 2009 اعلنت كل من قطر وموريتانيا تجميد علاقاتهما السياسية والاقتصادية مع اسرائيل بسبب الهجوم الاسرائيلي على قطاع غزة.وقد أغلقت قطر مكتب التمثيل التجاري الإسرائيلي في الدوحة تنفيذا لهذا القرار، كما اتخذت سلطنة عمان قرارا مماثلا نهاية لعام 2000 مع انطلاق الانتفاضة الفلسطينية الثانية.']"
القاهرة 3 مايو,"['واعتبر الحزب الحاكم الاتفاق الذي وقع في القاهرة الخميس الماضي محاولة للضغط عليه لتحقيق اغراض سياسية، و نكوصا عن اتفاقية التراضي الوطني التي وقعها معه في مايو/أيار من العام الماضي.', 'وقبل المباراة الحاسمة بين الجزائر ومصر في القاهرة في 14 نوفمبر/ تشرين الثاني  تعرضت حافلة المنتخب الجزائري للرشق بالحجارة ما أدى إلى إصابة 3 لاعبين ما دفع  الفيفا الى فتح تحقيق تأديبي في حق الاتحاد المصري.', 'يشار إلى أنه قبل المباراة الحاسمة بين الجزائر ومصر في القاهرة في 14 نوفمبر/ تشرين الثاني  تعرضت حافلة المنتخب الجزائري للرشق بالحجارة ما أدى إلى إصابة 3 لاعبين ما دفع  الفيفا الى فتح تحقيق تأديبي في حق الاتحاد المصري.', 'وقبل المباراة الحاسمة بين الجزائر ومصر في القاهرة في 14 نوفمبر/ تشرين الثاني تعرضت حافلة المنتخب الجزائري للرشق بالحجارة ما أدى إلى إصابة 3 لاعبين ما دفع الفيفا الى فتح تحقيق تأديبي في حق الاتحاد المصري.', '                              \u202dBBC Arabic\u202c - \u202eالشرق الأوسط\u202c - \u202eاللسفير المصري يعود الى الجزائر\u202c                          content="" السفير المصري عاد إلى الجزائر لمزاولة مهامه بعد مرور 3 شهور على استدعائه الى القاهرة إثر توتر العلاقة بين البلدين بسبب مباراة كرة القدم بين فريقيهما.""']"
تضم ليبيا ومصر ونيجيريا و التشاد,"['و', 'وقد احتجت كوبا ونيجيريا على هذه الإجراءات.', 'ومن جانبها، فتحت نيجيريا تحقيقا في الحادث.', 'ولكن الامر لم يؤخرنا فعلا.', 'ولكن الامر لم يؤخرنا فعلا.']"
وقال إن كمية التعاقد تبلغ 35 ألف متر مربع.,"['وقال إي.', 'وقال مور إنه اعتقد ""لعدة مرات"" أنه سوف يقتل.', 'وقال إن الأزمة المالية  العالمية أثرت على الجميع.', 'وبلغت قيمة العقد –الذي تبلغ مدته 15 عاما- 737 مليون دولار.', 'وقال جيم ماكورميك انه باعها الى حوالي 20 بلدا.']"
ماذا سيفعل عندما سيعود إليها باسم الانتقام؟,"['عندما جاء إلى الحكم كان معدل البطالة سبعة بالمئة.', 'إلا أن ايران أبطلت هذا الاتفاق فيما بعد.', 'والصين متهمة بانتظام بفرض الرقابة على الانترنت عندما تكون الاخبار حساسة سياسيا  .', 'لماذا الانتظار سبعة عشر عاما لنشر المقال.', 'وبرأت ساحة رجلين من الاتهامات الموجهة إليهما.']"
وكان قد فتحهما للمرة الاولى في الاستانة، عاصمة السلطنة العثمانية، صبيحة احد الايام من خريف .1911,"['وكان قد وجداها.', 'وكانت الاكثرية النيابية قد حسمت قرارها بتسمية الحريري البالغ من العمر 39 عاما  كرئيس للحكومة المقبلة.', '""صورة الرئيس""                وكان الرئيس المصري البالغ من العمر 81 عاما قد اجرى عملية جراحية في المرارة في المستشفى الجامعي في مدينة هايدلبرغ الالمانية.', 'اغتيال الحريري               وكان صديق قد عرف للمرة الاولى في قضية إغتيال الحريري.', 'وكان الباشا (27 عاما، سوري) قد اعتقل في العاصمة الايرانية خلال الاحتجاجات التي جرت الاحد.']"
"وأضاف: ""جاء المسيح يدعو إلى الأخلاق الكريمة، من العفة والحياء، والشرف والفضيلة، والبر والرحمة والصفح والغفران..","['وأضاف الزعيم المتشدد ""الساككين دواء للبعض، والضرب المبرح (لآخرين) حتى يُقعَدوا أو يفقدوا أيا من حواسهم"".', 'وأضاف جوركا قائلا إن العمليات الأخيرة نفذتها ""القوات الأمريكية لكن مع تلقي دعم قوي من طرف الحكومة اليمنية.', 'واضاف البيان ان هذا المجلس سيضم وزراء الخارجية والدفاع والطاقة والكهرباء والصناعة والمالية والاقتصاد والنقل في البلدين.', 'وتضم المدينة العديد من الأحياء مثل المنصور والأعظمية والكاظمية والجادرية والدورة والكرادة.', 'وأضاف المراسل أن الهجوم يعد الأول من نوعه الذي يشنه انتحاريون من طالبان باستخدام القنابل والأسلحة الرشاشة.']"
كما يتضمن برنامج التعاون بين كورسيكا ومدنين دعم التبادل فى مجالات البحث العلمى والصحى والبيئى وانشاء مشاريع مشتركة وتعريف المستثمرين من كورسيكا بما هو متاح من الانشطة الاقتصادية من امتيازات وفرص للاستثمار وتبادل الوفود الشبابية وغيرها .,"['الأشجار  الخضراء تزين أرجاء هذا المجمع الذي أقيم على مساحات شاسعة فهو يضم معظم الكليات  التابعة للجامعة اللبنانية ومنها كلية الهندسة والعلوم الطبية والعلوم السياسية  والحقوق وغيرها من الكليات العلمية والأدبية.', 'وقالت المسؤولة الامريكية إن على البلدين التعاون في مجالات شتى، كالخلافات النووية مع ايران وكوريا الشمالية والتعامل مع مشكلة التغير المناخي وتعزيز نظام منع انتشار الاسلحة النووية ومنع انتشار الاوبئة ومحاربة الفقر.', 'كما دعا جامعة  الدول العربية أن تعمل على وقف &#34;التدهور والعبث بمقدرات الشعبين&#34;، وناشد الموقعون مؤسسات  المجتمع المدني والقيادات الشعبية والمثقفين والكتاب في البلدين أن تعمل على تدارك  الاخطاء التي ارتكبها البعض من هنا وهناك وبحث اليات عمل مشتركة تعيد العلاقات بين  الشعبين إلى سابق عهدها.', 'واضاف: ""ان استمرار الدعم الدولي (لكرزاي) يعتمد على مستوى طموحه وما يحققه من نجاح في خمسة مجالات اساسية: الامن وادارة الحكم والمصالحة والتنمية الاقتصادية وتطوير علاقات افغانستان بجيرانها.', 'واوضحت الدراسة التي اعدتها مؤسسة ""ديموس"" البريطانية للابحاث ان الموازنة بين مشاعر الحب والحنان والانضباط والحزم ينمي في الطفل العديد من مهارات التواصل الاجتماعي مقارنة مع التربية الحازمة فقط او تلك التي تتركه ينمو ويكبر دون انضباط.']"
وتستأثر »القابضة للصناعات الغذائية« بالقدر الأكبر من الشركات المطروحة للبيع، اذ تعرض 11 شركة من بينها خمس شركات للبيع الكامل. وتعرض »القومية للتشييد والتعمير« خمس شركات للبيع فيما تعرض »القابضة للاسكان والسياحة والسينما« ثلاث شركات.,"['وحسب التقدير الاولي للعقود المطروحة للمناقصة، تدفع الشركات 2.6 مليار دولار  للعراق بعد التوقيع وتتحمل كلفة نصيب الحكومة في العقود (25 في المئة) حتى يدفعه  العراق فيما بعد في شكل نفط للشركات.', 'وحسب التقدير الاولي للعقود المطروحة للمناقصة، تدفع الشركات 2.6 مليار دولار  للعراق بعد التوقيع وتتحمل كلفة نصيب الحكومة في العقود (25 في المئة) حتى يدفعه  العراق فيما بعد في شكل نفط للشركات.', 'وفي العام ذاته، اشترت دبي انترناشونال كابيتال اليانس ميديكال مقابل 1.25 مليار دولار وتعتزم توسيع واحدة من اكبر الشركات الاوروبية لخدمات الفحص بالاشعة المقطعية واشعة الرنين لتدخل الى الشرق الاوسط واسيا.', 'وفي العام ذاته، اشترت دبي انترناشونال كابيتال اليانس ميديكال مقابل 1.25 مليار دولار وتعتزم توسيع واحدة من اكبر الشركات الاوروبية لخدمات الفحص بالاشعة المقطعية واشعة الرنين لتدخل الى الشرق الاوسط واسيا.', 'وفي العام ذاته، اشترت دبي انترناشونال كابيتال اليانس ميديكال مقابل 1.25 مليار دولار وتعتزم توسيع واحدة من اكبر الشركات الاوروبية لخدمات الفحص بالاشعة المقطعية واشعة الرنين لتدخل الى الشرق الاوسط واسيا.']"
ويتوقع ان يستغل بعض المجموعات النيابية الجلسة من اجل »تصفية الحسابات«، كما قال بعض النواب، مع خصومهم في الحكومة، ويعتبر وزير النفط الدكتور عادل الصبيح المرشح الاول للانتقاد من قبل »التكتل الشعبي«، خصوصاً من النائبين مسلم البراك واحمد السعدون. وكذلك يتوقع تعرض وزير الاشغال فهد الميع ووزير الصحة محمد الجارالله للانتقاد على خلفية الكارثة.,"['هذه سياسة الحكومة.', 'وحث بعض النواب الإسرائيليين نتنياهو على طرد ليبرمان من الحكومة.', 'وقال وزير الصحة السعودي، د.', '""النظام اليمني يحاول استغلال الحرب على الارهاب من اجل القضاء على خصومه عبر اتهامهم بالارهاب في الشمال والجنوب""                      محمد عبد السلام الناطق باسم الحوثيين                  بيد ان المتمردين الحوثيين ينفون اي صلة لهم بعملية الاختطاف اذ قال المتحدث باسمهم محمد عبدالسلام في اتصال مع وكالة الانباء الفرنسية: ""الخطف ليس من عاداتنا ولا من شيمنا ولا هو من اسلوبنا"" و""اتهامنا لا يمت للواقع بصلة"".', 'وتلعب البطولة في مرحلة المجموعات بنظام الدوري من دور واحد ، ويتأهل المنتخبان صاحبا المركز الأول في كل مجموعة إلى دور الـ 16 الذي يلعب بنظام خروج المغلوب ولذلك لا تقتصر الحسابات على فرق المجموعة بل على المنتخبات التي سيواجهها الفريق المتأهل في بقية الأدوار.']"
واعتبر شعراوي ان الفاعليات التي أظهرت مقاومة لمنظمة التجارة الدولية في اجتماعات دافوس وسياتل وجنوى جاءت بمثابة »دليل قوي وفاعل على إمكان مواجهة محاولات الرأسمالية العالمية للسيطرة على الشعوب وهو ما يقتضي درس هذه التجارب وتطويرها لحماية استقلال الجنوب وتحقيق تطلعاته في التنمية والتقدم والرفاهية«.,"['تجربة مصر                  وقال رشيد إن مصر من بين تلك الدول  التي تتخذ هذه الإجراءات الإصلاحية خلال السنوات الخمس الماضية، وحسنت درجة تنافسية منتجاتها، لكنه قال إن مصر لا تزال على الطريق لتحقيق التنافسية بالمستوى العالمي الأكمل، مشيرا إلى أن تقدما مماثلا حدث في معظم الدول النامية التي حققت نموا اقثتصاديا مثل الصين والهند والبرازيل وجنوب أفريقيا وتركيا.', 'وقال علي أصغر سلطانية مبعوث ايران لدى الوكالة الدولية للطاقة الذرية إن الحزمة ستقدم الى الولايات المتحدة وروسيا وبريطانيا والصين وفرنسا وألمانيا قبل  اجتماعات  الجمعية العامة للامم المتحدة في وقت لاحق من هذا الشهر.', 'وأضافت أنه جاء في الرسالة ايضا ان الولايات ستتبنى مبادرة جديدة  لمساعدة اليمن  في مواجهة ""التحديات التي يواجهها في مجال التنمية وجهود الاصلاح""  بالتعاون مع صندوق النقد الدولي والبنك الدولي والدول المانحة ومجلس التعاول الخليجي.', 'ويقول مراسل بي بي سي في بغداد خضير حسين تطرح الحركة نفسها كقوة وطنية من شأنها ان تخلق نوعا من التوازن على الساحة السياسية العراقية في مواجهة التحزب الطائفي والعرقي على حد وصفها.وقال مراسلنا إن التحالف الجديد يسعى على مايبدو إلى منافسة ائتلاف دولة القانون بزعامة رئيس الوزراء العراقي نوري المالكي.', 'علي الصراف                ان العملية الانتخابية عمل إيجابي ونحن على أبواب عصر الديمقراطية في العراق، وهناك دول مجاورة لا تريد لنا الديمقراطية فهي ضد مصالحهم وبالتالي فانهم يثيرون النزاعات الطائفية في العراق وهو الأمر الذي يعارضه كل العراقيين الذين يريدون العيش في وفاق وديمقراطية، ان هذه الدول المجاورة تخشى عدوى الديمقراطية.']"
"وارتدى المتظاهرون قمصانا سوداء كتب عليها ""حق العودة مقدس"" وطالبوا الوفد المفاوض في كامب ديفيد بالتمسك بقرار رقم 194 الصادر عن الجمعية العامة للامم المتحدة والذي يضمن حق العودة والتعويض.","['وقد حمل المتظاهرون لافتات كتب عليها ""لا تنازل للأتراك"".', 'وقال برنامج الاغذية العالمي التابع للامم المتحدة انه لم يستطع تقديم الطعام سوى لنحو عشرة الاف نازح فقط الشهر الماضي مقابل 95 الفا في يوليو.', 'ونسبت وكالة انترفاكس الروسية الى متحدث عن وزارة الخارجية الروسية اليه قوله ان ""ما قامت به روسيا والولايات المتحدة وفرنسا مجرد تأكيد العروض المتفق عليها والتي قدمتها الوكالة الدولية للطاقة الذرية"".', 'وقال برنامج الاغذية العالمي التابع للامم المتحدة انه لم يستطع تقديم الطعام سوى لنحو عشرة آلاف نازح فقط الشهر الماضي مقابل 95 الفا في تموز/يوليو الماضي.', 'مبعوث جديد                  وكان الأمين العام للأمم المتحدة بان كي مون قد عين الشهر الماضي المصري هاني عبد العزيز على رأس بعثة المنظمة الدولية في الصحراء الغربية.']"
** الرد السوري ما هو الرد السوري المحتمل، والرد العربي أيضاً.,"['الا ان الصبان قال ان المملكة العربية السعودية راضية.', 'التشدد السياسي والتشدد المتسم بالعنف احدها.', 'كما ندد كل من الاردن والامارات العربية المتحدة بهذه الحوادث.', 'وواصل أن حراس كروبي لم يردوا على مصادر النيران.', 'والهدف المعلن هو المساعدة في بناء أركان الدولة الفلسطينية المنشودة.']"
في المنستير,"['في تقريرها اليوم.', 'في السجن.', 'وفي الختام أفرج عني.""', '""انه شيء فظيع.', 'اسمه فيصل.']"
كشف د. يوسف بطرس غالي وزير التجارة الخارجية عن أنه يتم حاليا بحث عقد اتفاقية للتكامل الاقتصادي بين مصر والسعودية وجنوب أفريقيا تكون نواة لتعاون صناعي إقليمي يشمل الشرق الأوسط وأفريقيا، ويضم مجموعة من الدول الأخرى، وذلك في مجالات صناعات الغزل والنسيج والسيارات ووسائل النقل.,"['س: لندع الحديث عن الشرق الأوسط الآن.', '""نحن نرغب بتعاون يمكن أن يحدد شكل المنطقة""                       هوشيار زيباري، وزير الخارجية العراقي                   يُشار إلى أن وزراء بارزين من كلا البلدين كانوا قد حضروا الجلسة الافتتاحية للمؤتمر الذي سيستمر وراء أبواب مغلقة لمدة يومين ويرمي إلى تعزيز التعاون بين البلدين، وبشكل رئيسي في المجال الاقتصادي.', 'وصرح وزير الخارجية الجزائري مراد مدلسي للبي بي سي "" ان القادة الافارقة لاحظوا بكثير من الرضا حصول تقدم في العديد من النزاعات في افريقيا مثل النزاع في منطقة البحيرات الكبرى، والوضع في ساحل العاج، والاتفاق بين السودان وتشاد ، فيما عبروا عن قلقهم الكبير من استمرار التوتر في مناطق أخرى كمدغشقر والصومال والسودان"".', '/>                           الرئيسية          الشرق الأوسط   \t\t  العالم   \t\t  شارك برأيك   \t\t  اقتصاد وأعمال   \t\t  منوعات  \t \t\t  علوم وتكنولوجيا   \t\t  رياضة   \t\t  راديو وتلفزيون                  اتفاق لنقل الغاز بين تركيا والاتحاد الأوروبي                تراجعت تركيا عن مطلبها بشراء 15 في المئة من الغاز الأوروبي نظير عبور هذا الغاز للأراضي التركية وفقا لصفقة أنبوب الغاز نابوكو.', '/>                           الرئيسية          الشرق الأوسط   \t\t  العالم   \t\t  شارك برأيك   \t\t  اقتصاد وأعمال   \t\t  منوعات  \t \t\t  علوم وتكنولوجيا   \t\t  رياضة   \t\t  راديو وتلفزيون                  ابو الغيط يعرب عن رغبة مصر في حل قضية دارفور                قال وزير الخارجية المصري احمد ابو الغيط السبت ان بلاده تريد المساعدة في ايجاد مخرج سلمي للنزاع المسلح في دارفور، وذلك اثناء محادثات مع مسؤولين في الحركات المسلحة الاقليم.']"
أكد التجار أن قيام الشركات بخفض الطاقة الإنتاجية لديها أدى إلى عدم توفير كافة احتياجات الأسواق وأصبح حجم الطلب مرتفعاً عن حجم المعروض من الأسمنت مما تسبب في زيادة الأسعار.,"['وورد في تقرير الخبير الأممي أن السلطات تمنع النساء دون سن 49 من ممارسة النشاطات التجارية وأن بعض الأسواق العامة قد أغلقت، مما أدى إلى وقوع صدامات بين النساء المشتغلات بالتجارة والسلطات.', 'ويتابع """"تتفاقم المصاعب إلى أعلى درجاتها في المسائل التي هي على أكبر قدر من الأهمية، اي عند دراسة احتياطات النفط في الدول الأعضاء في منظمة الدول المصدرة للنفط (الأوبك).', 'وألمح مسؤولون في جهاز الاستخبارات الداخلية البريطانية (إم آي 5) إلى أن المعلومات المتوافرة عن عبد المطلب لم تكن كافية لإخضاعه للمراقبة.', 'ويحذر التقرير من احتمال أن تؤدي الأزمة الاقتصادية الحالية إلى مزيد من الارتفاع في معدلات السمنة بسبب ارتفاع أسعار الأغذية المفيدة.', 'وتبدو هذه الظاهرة للوهلة الأولى إيجابية ولكنها قد تساهم في تقليص النمو مع انخفاض أرباح الشركات ودفع المستهلكين لتأجيل عمليات الشراء مما يؤدي إلى تخفيض الإنتاج وبالتالي الأجور.']"
"غير أن هويدي لاحظ أن مؤتمر الوطني ""قدم جمال مبارك بطريقة شرعية باعتباره الرجل الذي يتبنى فكر الإصلاح"".","['الا ان الوزير مليباند قال في تصريح رسمي إن الحكم الصادر بحق رسام ""غير مبرر بالمرة.""', 'غريغ  جانامان الطالب الذي قاد المشروع اعتبر التحدي مثيرا للاهتمام باعتباره يخدم  شريحة من الأشخاص ""هم جديرون باهتمامنا"".', 'وحذر أوباما من أنه يرى مؤشرات جديدة للسلوك المالي الخطر الذي كاد يؤدي إلى الانهيار المالي.', 'وقال الخطيب إن الضابط الذي يشتبه في أنه ضرب كريشان قد اعتقل وسيحاكم في محكمة خاصة بالشرطة.', 'ونفي مبارك في حوارات عديدة سابقة وجود نية لتوريث الحكم لنجله، جمال، الذي ينظر اليه كثيرون على انه المرشح الفعلي للمنصب.']"
تسلم الشيخ زايد بن سلطان ال نهيان رئيس دولة الامارات العربية المتحدة اليوم السبت رسالة من نظيره الايرانى محمد خاتمى تتعلق بتطورات الاوضاع فى المنطقة والتعاون المشترك بين البلدين، حسبما ذكرت وكالة انباء الامارات.,"['وقام بمهمة التحكيم في المباراة هيئة التحكيم من دولة الامارات العربية المتحدة.', 'وتحدث الحمادي بمناسبة اصدار رئيس دولة الامارات العربية المتحدة وحاكم ابو ظبي، الشيخ خليفة بن زايد آل نهيان، قانون انشاء مؤسسة الطاقة النووية.', 'وكانت القضية قد حظيت بقدر كبير من المتابعة والاهتمام، ليس فقط لأن الشيخ عيسى هو الأخ غير الشقيق لرئيس دولة الإمارات العربية المتحدة، الشيخ خليفة بن زايد آل نهيان وابن رئيس الدولة الراحل، الشيخ زايد بن سلطان آل نهيان، بل أيضا بسبب محتويات شريط التعذيب.', 'فقد دشن حاكم دبي الشيخ محمد بن راشد آل مكتوم البرج وأطلق عليه اسم رئيس دولة الإمارات العربية المتحدة وحاكم أبوظبي الشيخ خليفة بن زايد آل نهيان بدلا من ""برج دبي"" الاسم الذي كان يحمله منذ الاعلان عن بنائه قبل سنوات.', 'وقالت ""سبأ"" ان بتريوس سلم الرئيس اليمني رسالة من الرئيس باراك اوباما ""تتعلق بالعلاقات الثنائية ومجالات التعاون المشترك بين البلدين الصديقين ومنها  التعاون في المجال الامني ومكافحة الارهاب والقرصنة"".']"
واعلن المتحدث باسم الكنيست غيورا بوردس ان الجلسة قد تعقد في الثامن والعشرين من الشهر الجاري.,"['وقال ناطق باسم جامعة القاهرة إن الدراسة في الجامعة ستبدأ في السادس والعشرين من الشهر الجاري.', 'وقال سليم الجبوري، المتحدث باسم الجبهة: &#34;إن جبهة التوافق العراقي وبعض الكتل السياسية لن تقبل بأن تتبدل مقاعد الموصل وصلاح الدين نزولا، وأن تتبدل محافظات أخرى صعودا، بناءا على اتفاقات سياسية جرت بين أطراف اتفقت في التصويت على هذا البديل بعد قبول النقض.&#34;               وكان الهاشمي قد أعلن في الثامن عشر من الشهر الجاري نقضه للقانون بصيغته الأولية وطالب بزيادة عدد المقاعد التعويضية المخصصة للأقليات والمقيمين في الخارج من 5 إلى 15 بالمائة.', 'وكانت وزارة الخارجية اعلنت في وقت سابق ان كلينتون سترافق اوباما في زيارته  الى روسيا من السادس الى الثامن من يولي الجاري.', 'ومن المقرر ان يحضر الرئيس الامريكي اوباما قمة كوبنهاجن في الثامن عشر من هذا الشهر كما يتوقع حضور الرئيس الروسي ميدييف.', 'وكانت القوات العراقية قد تسلمت رسميا مهام الامن في المدن العراقية من القوات الامريكية الشهر الماضي.']"
"روما 15-8 (اف ب)- افتتح البابا يوحنا بولس الثاني عصر اليوم الثلاثاء في روما ايام الشبيبة العالمية ال15 طالبا منهم ""خدمة المسيح والحرية"".","['ب.', 'ب.', 'ب.""', 'اليوم في بغداد.', 'اليوم في بغداد.']"
كما أطلع المسئولون تونغ فى وقت سابق صباح اليوم على عمل فريق استجابة متعدد التخصصات فى مختلف المجالات من بينها الإجراءات الخاصة بتعقب الاتصال بالمرضى واجراءات التنظيف والتطهير داخل المجتمع .,"['اليوم يوم عمل طويل.', 'اليوم يوم عمل طويل.', 'كما شددت من الإجراءات الأمنية في مطاراتها.', 'وقد احتفظ المسلحون بالرهائن لمدة 17 ساعة قبل ان تتدخل القوات الخاصة الباكستانية وتقتحم المقر في الساعات الاولى من فجر الاحد.', 'وفي وقت سابق أفادت الأنباء الواردة من اليمن بتصاعد التوتر في محافظة صعدة بعد اشتباكات وغارات جوية قام بها الطيران اليمني على مواقع للمتمردين الحوثيين.']"
وتتضمن المفاوضات إمكانية الدخول في مشروعات استثمارية عقارية مشتركة بين بنك الإسكان والتعمير وبنوك ومستثمرين من دول مجلس التعاون الخليجي خاصة السعودية والكويت والإمارات باعتبار أن هناك استثمارات ضخمة لهذه الدول في مجال العقارات المصري.,"['يذكر أن الدول الخمسة الأخرى المكونة لمجلس التعاون الخليجي وهي السعودية والكويت والبحرين وقطر وعمان قد أعربت عن رغبتها في بناء مفاعل نووية لتلبية احتياجاتها من الطاقة كي تدع النفط والغاز للتصدير.', 'كما شهدت باقي دول مجلس التعاون، أي السعودية والإمارات وقطر والبحرين وسلطنة عمان, تراجعا في سعر صرف عملاتها مقابل العملات الرئيسية، وذلك بسبب ارتباطها التام بالدولار.', 'كما دعا جامعة  الدول العربية أن تعمل على وقف &#34;التدهور والعبث بمقدرات الشعبين&#34;، وناشد الموقعون مؤسسات  المجتمع المدني والقيادات الشعبية والمثقفين والكتاب في البلدين أن تعمل على تدارك  الاخطاء التي ارتكبها البعض من هنا وهناك وبحث اليات عمل مشتركة تعيد العلاقات بين  الشعبين إلى سابق عهدها.', 'وينص مشروع القرار الذي يجري التداول بشأنه على ""التنديد بشدة بحظر بناء المآذن"" باعتباره ""من مظاهر كراهية الاسلام ويتعارض بوضوح مع الالتزامات الدولية في مجال حقوق الانسان بشأن حرية الممارسة الدينية"".', 'وأكد  مسؤول ملف المفاوضات الفلسطينية في منظمة التحرير صائب عريقات أن المباحثات بين السلطة الفلسطينية والاتحاد الاوروبي انتقلت من مستوى التشاور الى مستوى التعاون والدعم فيما يتعلق بالتوجه لمجلس الامن الدولي لاستصدار قرار يعترف بحدود الدولة الفلسطينية المستقلة على حدود عام سبعة وستين.']"
وبالفعل، فان المسؤولين الاقتصاديين في الحكومة يطلبون منذ اسابيع عدة اتخاذ اجراءات عاجلة وملموسة تمكن الايرانيين، وخصوصا اولئك الذين يملكون رساميل ضخمة في الخارج، من العودة الى البلاد للمشاركة في اعادة اعمارها.,"['هذه سياسة الحكومة.', 'الا ان الحكومة الارتيرية تنفي ان يكون افراد المنتخب في عداد المفقودين، رغم ان الاتحاد الارتيري لكرة القدم اكد لرئيس اتحاد (كيكافا) نيكولاس موسونيه بأن اللاعبين الاريتريين لم يعودوا الى بلدهم.', 'ونفت الحكومة الارتيرية بادئ الامر ان يكون افراد المنتخب في عداد المفقودين، رغم ان الاتحاد الارتيري لكرة القدم اكد لرئيس اتحاد (كيكافا) نيكولاس موسونيه بأن اللاعبين الاريتريين لم يعودوا الى بلدهم.', 'وكانت الوقفة الاولى لهذه السفن تتم بعد عدة اسابيع في السنغال، وتشير القصة الى ان الكثيرين من اللبنانيين كانوا يعتقدون لدى وصولهم الى السنغال انهم وصلوا الى البرازيل فيغادرون السفينة ويبقون في البلاد.', 'ومن المتوقع ان يكون اضراب اليوم الاربعاء الاوسع منذ اعلنت الحكومة الاشتراكية الجديدة عن اجراء تخفيضات واسعة في الانفاق الحكومي  بغية خفض المديونية الحكومية والعجز في  الميزانية.']"
وأضاف أن باكستان ومصر سوف تتعاونان لزيادة القدرة الإنتاجية لمصانع الصلب في باكستان وتحقيق تكامل بين البلدين من خلال الاستفادة المشتركة من خامتي البليت والحديد الخام، إضافة إلى تطوير العمل في مجال حجر الجرانيت والرخام.,"['وأضاف أن باكستان أكدت وفاته.', 'بداية الخلاف               وأضاف المراسل قائلا: ""الخلاف بين البلدين، والذي بدأ عام 2002، هو واحد من الخلافات الاقتصادية القليلة التي سمحت منظمة التجارية العالمية أن تتخذ فيها إجراءات انتقامية ومعاملة بالمثل من قبل البلدان المعنية.""', 'وأضاف السيناتور السابق ""ناقشنا التزاماتنا المشتركة حيال السلام الشامل""، مشيرا إلى أن هذا الهدف لا يتحقق إلا ""بحل الدولتين، حيث يعيش الفلسطينيون والاسرائيليون جنبا إلى جنب في أمن وسلام"".', 'وهو يرى أن السبب الرئيسي في هذا هو تزايد الهجمات التي تشنها الطائرات الأمريكية بدون طيار خلال العام الماضي في المناطق القبلية داخل حدود باكستان القريبة من أفغانستان.', 'وجاء في تقرير مفوضية التقييم والتقدير أن مسألة الموارد النفطية وتخطيط صناعتها بعد الاستفتاء في حاجة إلى مزيد من الشفافية، إلى جانب المشاكل الخطيرة التي ما زالت تعاني مسألة رسم الحدود بين الشمال والجنوب.']"
اول جلسة عمل للبرلمان الانتقالي في الصومال,"['لماذا الانتظار سبعة عشر عاما لنشر المقال.', 'في المساء، لم ننس محاولة الاتصال بالمتمردين.', 'في المساء، لم ننس محاولة الاتصال بالمتمردين.', 'وتجري الاعتقالات في اليوم التالي.', 'ويهيمن الحزبان على مختلف مناحي الحياة في  الاقليم.']"
وطغى الحدث أيضاً على مواقع الصحف الفرنسية الرئيسية، وخرجت صحيفة »ليبراسيون« بـ»طبعة خاصة« تحت عنوان »الولايات المتحدة تغرق في الفوضى بعد ثلاثة اعتداءات على الأقل«، ونشرت صورة لمركز التجارة العالمي وهو يحترق.,"['باراك الرب في الولايات المتحدة.""', 'فهذه المخاوف لاتقتصر على الولايات المتحدة فقط.', 'ويزور ري جون الولايات المتحدة بناء على دعوة من منظمات خاصة.', 'وأثار قرار اطلاق سراحه موجة غضب خاصة في الولايات المتحدة.', 'ولن تستمر زيارة اوباما سوى بضع ساعات لكن مستشاري الرئيس الامريكي يشددون على ان مشاركته تظهر التبدل الكبير في موقف الولايات المتحدة ثاني دولة مسؤولبة عن التلوث في العالم.']"
"ملامح رقمية اصلية لجثتين جافتين قديمتين / اضافة اولى/ وكان متحف ليويشون قد كلف جامعة جيلين برسم الملامح الاصلية للجثتين, اذ سبق ان نجحت هذه الجامعة قبل بضعة اشهر فى رسم الملامح الاصلية المجسمة فى الكمبيوتر لامرأة حسب جمجمتها التى استخرجت من قبر بضواحى مدينة بكين يرجع تاريخه الى عهد اسرة هان / 206 قبل الميلاد الى 220 بعد الميلاد /.","['وكان قد وجداها.', 'واضاف مدير الوكالة الدولية: ""من المهم بالنسبة لنا ارسال مفتشينا للقيام بزيارة شاملة لموقع تخصيب اليورانيوم المعني والتاكد من انه يبنى لدواع سلمية"" في اشارة الى المصنع الذي كشفت ايران عن بنائه قرب قم  في 25 سبتمبر ايلول، مما اثار قلقا في بعض العواصم الغربية.', 'ونفى الدكتور  الربيعة في حوار لبي بي سي العربية ان يكون ارتفاع عدد الحالات المؤكدة من 20 حالة  يوم السبت الماضي الى 67 اليوم الاثنين مؤشر يعكس تسارع خطير لانتشار المرض مؤكدا  ان  رصد &#34;67 حالة من بين مليون ونصف حاج  وصلوا حتى الان هو رقم متدن جدا اذا ما قورن بانتشار المرض في  العالم&#34;.', 'في الشوط الأول لم تنتظر جماهير برشلونة طويلا ليترجم فريقها سيطرته الميدانية إلى الهدف الأول بعد أن استلم ميسي الكرة من بعد منتصف الملعب بقليل بعد تمريرة من العاجي يايا توري ثم توغل ورواغ كريستيان تراش قبل ان يطلق بيسراه كرة صاروخية من حدود المنطقة سكنت الزاوية اليمنى العليا لمرمى الحارس المخضرم يانز ليمان في الدقيقة 13.', 'في الشوط الأول لم تنتظر جماهير برشلونة طويلا ليترجم فريقها سيطرته الميدانية إلى الهدف الأول بعد أن استلم ميسي الكرة من بعد منتصف الملعب بقليل بعد تمريرة من العاجي يايا توري ثم توغل ورواغ كريستيان تراش قبل ان يطلق بيسراه كرة صاروخية من حدود المنطقة سكنت الزاوية اليمنى العليا لمرمى الحارس المخضرم يانز ليمان في الدقيقة 13.']"
ومن المتوقع ان يغادر بيروت فى اعقاب انتهاء هذا المؤتمر الصحفى المشترك.,"['هذا مهم.', 'ومن المقرر ان يمثل بلير امام اللجنة في العام المقبل.', 'ومن المتوقع ان تتم زيادة ساعات البث اليومية الى 9.', 'جاء ذلك فى المؤتمر الصحفي الذى عقده كوشنير فى دمشق مع نظيره السوري وليد المعلم.', 'يستمرّ سريان هذا الحق حتى انتهاء المسابقة.']"
عمان 15-8 (أ ف ب)- تنطلق غدا الاربعاء دورة الاردن الدولية الثانية في كرة السلة التي تستمر حتى 26 آب/اغسطس الحالي، فيلتقي شباب مصر ويومبلغاز البلغاري في مباراة الافتتاح، تليها مباراة الجزيرة الاردني والاهلي المصري.,"['ب.', 'ب.', 'ب.""', 'أ.""', 'ولم تكن الولايات المتحدة وحدها التي زادت فيها البطالة، فقد بلغت النسبة في دول منطقة اليورو 9،6 في المئة في شهر أغسطس/آب الماضي، مما رفع عدد العاطلين عن العمل الى 15،2 مليونا في تلك الدول.']"
9.6% نسبة البطالة بالسعودية بالسعودية,"['وادت البيانات التي صدرت مؤخرا عن ارتفاع البطالة في الولايات المتحدة الى نسبة 9.7%، وهي الاعلى منذ 27 عاما، الى تزايد الشكوك بامكانية خروج الاقتصاد الامريكي من الكساد خلال العام الحالي، الامر الذي ادى لتراجع الدولار امام العملات الرئيسية الاخرى، ومنها اليورو واليوان الصيني والجنيه الاسترليني.', 'ووصلت نسبة البطالة الان في الولايات المتحدة الى اعلى مستوى لها في 26 عاما عند 9.8 في المئة.', 'لكن مع بلوغ معدل البطالة في أفريقيا الجنوبية ربع السكان القادرين على العمل، وانخفاض نسبة الأجور التي قد لا تتجاوز 10 دولارات لليوم، حتى المقاعد رخيصة الثمن قد لا تكون في المتناول.', 'ولا تزال نسبة البطالة عالية في عدة مناطق، وهناك بعض عمال المصانع يعملون ساعات اقل ويتقاضون اجرا اقل مما كانوا يتقاضونه قبل الازمة المالية.', 'وتشكل الأخبار التي تفيد ارتفاع البطالة إلى أعلى نسبة لها منذ الحرب العالمية الثانية ضربة قاصمة بالنسبة إلى رئيس الوزراء الياباني، تارو آسو.']"
ولكن يلاحظ أنه في الفترة الماضية ـ الثلاثة شهور الماضية ـ يوجد استقرار في السوق المصري.,"['وكان يتوقع أن يشهد الاقتصاد نموا في الشهور الثلاثة الماضية، ولكن سوق العمل شهد توجها معاكسا.', 'ويوجد سبعة من أعلى عشرة أبراج في العالم في آسيا، وبنيت جميعها في الأعوام الثلاثة عشر الماضية.', 'ويوجد سبعة من أعلى عشرة أبراج في العالم في آسيا، وبنيت جميعها في الأعوام الثلاثة عشر الماضية.', 'وأكد شهود في المكان أن اسلحة كانت داخل الحافلة.', 'وكانت الغرفة الدنيا من البرلمان قد اقرته في شهر مايو/ ايار الماضي.']"
السيد الدكتور مهدي دخل الله - وزيرا للاعلام للاعلام,"['ولا بد ان اعترف بانها  مريحة   للاعصاب.', 'هذا ما يقوله الدكتور إعجاز جيلاني مدير المعهد.', 'لم يجر أي اتصال بيني وبين السيد موسوي.', 'مهدي الحافظ وصفية السهيل ووائل عبد اللطيف.', 'وفي احدى مراحل القتال، اقترب المسلحون من القصر الرئاسي.']"
أصدرت محكمة التحكيم التابعة لغرفة التجارة الدولية والتي انعقدت في جنيف قراراً برد الدعوى التي أقامتها شركتا »والتر باو« و»دريداغ« الالمانيتان على الدولة اللبنانية ممثلة بمجلس الانماء والإعمار. ويقضي الحكم بحصر »التعويض المطالب به بمبلغ مليون ومئتي ألف دولار الذي عو تعويض تعاقدي محدد في العقد وعدم الحكم بأي زيادة على هذا التعويض لعدم توافر عناصر سوء النية«. وكانت الشركتان الألمانيتان تطالبان بمبلغ 75 مليون دولار أميركي مدليتين بسوء نية الدولة اللبنانية ومجلس الانماء والإعمار.,"['و', 'وكانت الشركة اشترته بمبلغ 282 مليون دولار في عام 2006.', 'هذا مهم.', 'وبلغت قيمة العقد –الذي تبلغ مدته 15 عاما- 737 مليون دولار.', 'هذا أولا.']"
وعين اللواء كنعان الذي كان رئيسا لجهاز الامن السياسي وزيرا للداخلية خلفا للواء علي حمود.,"['والتقى خصوصا رئيس لجنة الامن القومي والسياسة الخارجية علاء الدين بوروجردي ونوابا من الكتل المحافظة والاقليات.', 'هكذا كان.', 'هكذا كان.', 'ويشار الى ان الاسترالي الثاني الذي كان جوازه على صلة بعملية الاغتيال يدعى ادم كورمان ويعيش في اسرائيل ايضا.', 'ويقيم العسولي حاليا في مدينة رام الله القريبةـ لكنه يعيب عليها الاكتظاظ وكثرة الضجيج.']"
إن بوادر حرب شرق أوسطية بدأت فعلاً مع الإصرار الأمريكي على إصدار مشروع القرار في الكونجرس ومع استمرار تصعيد موقف أمريكي لا يأخذ بعين الاعتبار معطيات تشكل نوعاً من الاستفزاز للعرب ككل.,"['لا.', 'وكان عدد من اعضاء البرلمان التركي توجهوا  الى واشنطن قد عرض مشروع القرار على اللجنة للاجتماع باعضاء الكونجرس الامريكي لثنيهم عن اصدار هذا القرار.', 'وكان عدد من اعضاء البرلمان التركي توجهوا  الى واشنطن قد عرض مشروع القرار على اللجنة للاجتماع باعضاء الكونجرس الامريكي لثنيهم عن اصدار هذا القرار.', 'ويأتي صدور القرار الجديد بعد موافقة اللجنة الوزارية العربية لمتابعة مبادرة السلام في جامعة الدول العربية على اقتراح أمريكي بعقد محادثات سلام غير مباشرة بين إسرائيل والفلسطينيين لمدة أربعة أشهر.', 'تحركات أمريكية               من جهة أخرى ذكر مسؤول أمريكي لوكالة رويترز أن واشنطن بدأت في استطلاع مواقف الحكومات العربية تجاه إمكانية القيام ببوادر منها تخفيف العقوبات على إسرائيل إذا تم تجميد الاستيطان.']"
ستوكهولم -- يشهد متحف الفن المعاصر حاليا بالعاصمة السويدية ستوكهولم معرضا تحت عنوان رايدر والرومانسية يلقى الضوء على مجمل أعمال الرسام الامريكى ألبرت بنكهام رايدر التى تتسم بالطابع الرومانسى .,"['وعلى الرغم من تراجع أعمال العنف خلال السنوات الماضية، إلا أن العراق لا يزال يشهد هجمات يومية تستهدف قوات الشرطة والمدنيين في انحاء متفرقة من البلاد.', 'وستشهد العاصمة الروسية خلال العام الحالي اقامة معرض لاعمال الفنان التشكيلي العالمي بابلو بيكاسو فيما يستضيف متحف اللوفر في باريس حول مسار الفن الروسي على مدى 900 عام.', 'وكان سكارليت رئيسا للجنة المخابرات العامة البريطانية، عندما أصدرت حكومة بلير ملفا حول امتلاك العراق لأسلحة الدمار الشامل، وهي الحجة الرئيسية التي تم على أساسها غزو العراق.', 'وكان قد تم اعتقال عرمان وأموم ووزير الدولة بوزارة الداخلية ونائب رئيس مجلس ولاية الخرطوم على الرغم من تمتعهم بالحصانة، حسبما اعلنت الحركة.', 'يأتي ذلك بينما يرد رئيس الوزراء العراقي نوري المالكي الخميس على اسئلة النواب العراقيين حول الكيفية التي تمكن بها المفجرون من الافلات من قوات الأمن العراقية.']"
لا تتسرع في لوم الآخرين نتيجة حالتك المزاجية السيئة.,"['لا.', 'عزلت عن الآخرين.', 'فلا رغبة لي في تكرار ما عانيت منه في الايام السبعة الماضية.""', 'فلا رغبة لي في تكرار ما عانيت منه في الايام السبعة الماضية.""', 'كما وقعت تفجيرات في الرمادي وقربها في الاونة الاخيرة.']"
عدم استقرار أسعار مواد البناء تصيب سوق العقارات بالشلل بالشلل,"['كما وعد بأن تتخذ الحكومة الاجراءات الكفيلة بمعالجة مشكلة ارتفاع اسعار العقارات.', 'وقد شددت اثر ذلك الاجراءات الامنية في المطارات في الولايات المتحدة وعالميا.', 'وقد شددت اثر ذلك الاجراءات الامنية في المطارات في الولايات المتحدة وعالميا.', 'وكان بهذا الجناح ""غرفة استقبال""، مطبخ لإعداد الأطباق الحلال.', 'وقال كذلك إن إعادة البناء لم تبدأ من الصفر بل ""مما دون الصفر"".']"
4- تأكيدهم استمرار الوعد الالهي بالعودة الى فلسطين رغم تحقق هذا الوعد عام 536 ق.م. وبعض المسيحيين يؤمنون ان هذه الوعود تحققت ثانية في عودة اليهود الى ارض فلسطين منذ عام .1880,"['ارض اليهود.', 'هذا مهم.', 'عودة الشاه.', 'من جهة اخرى، دعا بان كي مون الى الإفراج عن الجندي الاسرائيلي جلعاد شاليط الذي  تحتجزه حماس منذ 2006 في قطاع غزة أملا بمبادلته مع معتقلين فلسطينيين في السجون  الاسرائيلية"".', 'يشار الى ان اوباما، وباقراره ارسال 30 الف جندي اضافي الى افغانستان، يكون قد رفع عدد الجنود الامريكيين في هذا البلد الى اكثر من 100 الف.']"
وأرجعت الدراسة تراجع نسب المساهمات العربية والأجنبية إلى انخفاض جاذبية هذه المناطق بالنسبة للاستثمارات الأجنبية عموماً والعربية بصفة خاصة نتيجة تزايد أعداد المناطق الحرة على مستوى العالم وتزايد حدة المنافسة بينها لاجتذاب الاستثمارات العالمية.,"['من جهتها تبحث موسكو عن المزيد من الاستثمارات الأجنبية.', 'وأضاف البيض مخاطبا المسيرة، التي تتزامن مع ذكرى الانتفاضة ضد الاستعمار البريطاني عام 1963، ""لقد جاء الاستعمار البريطاني من وراء البحار، بينما الاستعمار الحالي هو نتيجة انقلاب النظام في صنعاء"" في إشارة إلى الحرب الأهلية بين الشمال والجنوب عام 1994.', 'وأشار الجمل إلى أن وزارة  التربية والتعليم ملتزمة بقرار حظر ارتداء النقاب داخل المدارس خاصة أن المحكمة  الدستورية العليا أيدت هذا القرار، منبها إلى ضرورة التزام الطالبات بقانون الزى  المدرسى الذى لا ينص على ارتداء النقاب.', 'وأضاف أن السلطات الإيرانية تستخدم نفس الخدمات الفضائية للبث بحرية إلى جميع أنحاء العالم باللغتين العربية والانجليزية، وفي نفس الوقت تحرم شعبها من البرامج التي ترد عبر نفس الأقمار الصناعية من جميع أنحاء العالم.', 'وأبو ظبي هي الإمارة الأكبر والأغنى ضمن الإمارات السبع المكونة لدولة الإمارات العربية المتحدة وتعتمد في دخلها على احتياطها الضخم من النفط، فيما تعتبر دبي الإمارة الثانية وتعتمد في دخلها على الخدمات المالية والسياحية والعقارات.']"
1983 - القوات الفرنسية تتدخل في التشاد بطلب من الرئيس حسين حبري لمواجهة غوكوني عويدي المدعوم من ليبيا.,"['وتمكنت القوات الإسرائيلية بعد جهد جهيد من اكتشاف مخبئه عام 1993 وقتلته وكان في الثانية والعشرين من العمر.', 'وستكون إيطاليا من أكبر الدول المستفيدة في المستقبل من الصفقات التجارية مع ليبيا التي تشهد تطورا اقتصاديا سريعا.', 'وكانت خسائر الفرنسيين هي الأكبر منذ مقتل 58 من القوات الخاصة الفرنسية في بيروت عام 1983.', 'اما الرئيس كرزاي فقد قال انه يتوقع ان تتمكن القوات الافغانية من بسط سيطرتها على البلاد في غضون خمس سنوات.', 'يذكر أن ارتداء الحجاب الإسلامي لا يزال محظورا في المدارس الحكومية الفرنسية،  حيث تعتبره السلطات رمزا دينيا.']"
وحظي قائد الانقلاب وحلفاؤه بعفو بعد ان سلموا اسلحتهم للجيش.,"['ولم توقع بعض حركات التمرد  في الاقليم على الاتفاق بعد.', 'واشارت الى ان ""اسباب الحادث لم تعرف بعد ولكن تحقيقا قد فتح"".', 'ولن يُنظر في المشاركات التي ترسل بعد ذلك الموعد.', 'ولن يُنظر في المشاركات التي ترسل بعد ذلك الموعد.', 'ولكن سوريا قالت ان الحدود لايمكن ترسيمها إلا بعد انسحاب اسرائيل.']"
وعلى رغم أن الطلب لم يبت، إلا أن الخيار لم يستبعد علماً أن الحكومة لا ترغب في اللجوء إليه.,"['لا.', 'وورد في بيان المنظمة ""أن الحكومة الليبية تعود إلى عهد السيطرة على الإعلام"".', 'هذه سياسة الحكومة.', 'ويعتقد أن الفيروس انتقل الى طيور الديك الرومي من عمال يعملون في المزرعة.', 'وقالت الحكومة البريطانية إن ما فعلته اسرائيل يتناقض مع رغبتها المعلنة في تحقيق السلام.']"
تونس ـ الصباح تخرج عند غروب شمس غد الخميس 14 اكتوبر الجاري الموافق لـ29 شعبان لجان رصد الهلال في كامل ولايات الجمهورية لرصد هلال شهر رمضان لسنة 1425 هجري.,"['وقالت الشرطة المحلية إن انتحاريا قام بتفجير نفسه على الأرجح عند غروب الشمس في نهاية أحد ايام شهر رمضان.', 'وقالت الشرطة المحلية إن انتحاريا قام بتفجير نفسه على الأرجح عند غروب الشمس في نهاية أحد ايام شهر رمضان.', 'ما هي الضغوط الاخرى المفروضة على ايران؟               في اكتوبر 2007 وصفت الولايات المتحدة الحرس الثوري بأنه منظمة ""داعمة للارهاب"" وبانتاج اسلحة دمار شامل.', 'واوضح ان قرار مجلس الامن 1441 الذي صدر في شهر فبراير من عام 2002 والذي اعطى العراق مهلة نهائية للاستجابة لمطالب مجلس الامن كان يبرر اللجوء الى القوة ضد العراق.', '* شهدت القاعدة أكبر عدد من حالات الانتحار مقارنة مع غيرها من القواعد الأمريكية، وذلك منذ الغزو الأمريكي للعراق عام 2003 بلغ مجملها 75 حالة في يوليو/ تموز من العام الجاري.']"
"واضاف الصحاف في رسالته التي وجهها ايضا الى الرئيس الحالي لمجلس الامن الدولي ان ""الدعم الذي يقدمه النظامان السعودي والكويتي لهذه الطائرات يعد عدوانا مستمرا على العراق يستهدف حياة العراقيين الابرياء وتدمير ممتلكاتهم"".","['ومن المتوقع ان يسهم تطوير هذه الحقول في رفع الانتاج العراقي من النفط الى ثلاثة اضعاف الانتاج الحالي، مما يضع العراق في مصاف اكبر الدول المنتجة للنفط في العالم، مثل السعودية وروسيا.', 'واوضح الهاشمي الذي يشارك في الانتخابات ضمن ""الكتلة العراقية"" الليبرالية التي يتزعمها رئيس الوزراء الاسبق اياد علاوي: ""اليوم وصل العراق الى منعطف، اما ان يكون هذا العراق او يضيع.""', 'الا ان البيت الابيض لم يصدر بعد اي موقف مما ورد على لسان السفير الذي افادت تقارير صحفية امريكية ان ما قاله جاء في رسالة وجهها الى الرئيس الامريكي سرب محتواها الى وسائل الاعلام.', 'فالاستاذ زو يعتقد ان النظام الصيني الحالي يتمتع بكثير من المزايا على الانظمة السياسية السائدة في الغرب، إذ يقول: ""إنه من الايسر بكثير في نظامنا التوصل الى وفاقات وتنفيذ السياسات"" مشيرا الى انعدام الضوابط على ممارسة الحزب الشيوعي للسلطة.', 'من جهته، قال موران الذي تتولى بلاده الرئاسة الحالية لمجلس الامن الدولي ان ""الموقفين الامريكي والفرنسي متطابقان تماما في ما يتعلق بايران""، مضيفا بأن ""ليس هناك من خيار سوى العمل على اجراءات اخرى"".']"
"واضافت الامم المتحدة في بيان ان العراق ""صدر من النفط ما قيمته 2،9 مليار دولار منذ بدء المرحلة الثامنة من هذا البرنامج في التاسع من حزيران/يونيو"" الماضي.","['سنبقى في العراق بعد الثلاثين من يونيو/حزيران بلا  شك.""', 'وقالت الشركة الخميس ان ايراداتها في الاشهر الثلاثة المنتهية في الثلاثين من يونيو/حزيران بلغت 5.52 مليار دولار مقارنة مع 5.37 مليار في الفترة نفسها من العام الماضي.', 'فقد قال ياو جيان الناطق باسم الوزارة للصحفيين في العاصمة بكين إن الصين جذبت ما قيمته 7,023 مليار دولار من الاستثمارات الاجنبية المباشرة في الشهر الماضي.', 'ففي التاسع من يونيو/حزيران المقبل، سنكتسح هولندا.""', 'وكانت الايرادات العامة في موازنة العام الماضي نحو 9 مليارات دولار، مما يعني ان حكومة دبي تراجعت ايراداتها بنحو 12% بعد الازمة المالية التي لحقت بها.']"
"وقال كيم ""ان القوات الاميركية تلعب دورا في غاية الاهمية ليس فقط لجهة تفادي وقوع حرب بل ايضا على صعيد استقرار المنطقة في شمال شرق اسيا"".","['وقال إي.', 'واعلنت وزارة الخارجية الامريكية الجمعة ان ميتشيل غادر المنطقة بعد ان فشل في تحقيق اختراق على صعيد عملية السلام بين اسرائيل والفلسطينيين.', 'وقال الناطق الرئاسي الامريكي: ""لا يجوز لاي طرف ان يقوم بافعال من شأنها ان تؤثر، استباقيا، او يظهر انها تؤثر استباقيا، على المفاوضات"".', 'كلينتون                وقالت وزيرة الخارجية الامريكية، هيلاري كلينتون، ان عدم الاستقرار الامني في اليمن بات يشكل خطرا على المنطقة والعالم باسره.', 'كلينتون               وقالت وزيرة الخارجية الامريكية، هيلاري كلينتون، ان عدم الاستقرار الامني في اليمن بات يشكل خطرا على المنطقة والعالم باسره.']"
"واضاف مدرب النصر الجديد ""ان خبرتي في مجال التدريب تمتد الى عشرين عاما وابتعادي في الموسم الماضي كان لالتقاط الانفاس والبقاء مع عائلتي برغم انني تلقيت عروضا عدة من اندية فرنسية وايطالية واسبانية لكني فضلت الراحة"".","['وظهر هذا الاستياء الروسي الى العلن الاسبوع الماضي مع تصريح وزير الخارجية سيرجي لافروف قائلا ان ""ايران تهدر فرصة التعاون بشكل طبيعي""، وذلك على الرغم من كون روسيا والصين في المبدأ ضد فرض عقوبات مشددة واضافية على ايران.', 'وظهر هذا الاستياء الروسي الى العلن الاسبوع الماضي مع تصريح وزير الخارجية سيرجي لافروف قائلا ان ""ايران تهدر فرصة التعاون بشكل طبيعي""، وذلك على الرغم من كون روسيا والصين في المبدأ ضد فرض عقوبات مشددة واضافية على ايران.', 'وفي اتصال هاتفي لبي بي سي العربية مع خالد رزق مراسل صحيفة الأخبار المصرية في الاسماعيلية قال ""ان الوفد ذهب فعلا الى الاسماعيلية وكان مكونا من 8 افراد وقد غادر الخميس الماضي"".', 'هكذا كان.', 'واضاف فيون ان هناك خطوات كبرى تعلقت بالجانب العسكري خطتها بغداد وباريس من ضمنها قرب وصول ملحق عسكري فرنسي الى العراق ليكون من ضمن طاقم السفارة الفرنسية في بغداد وكذلك استعداد فرنسا لاستقبال الضباط العراقيين لتدريبهم في معاهدها العسكرية.']"
وقد عين رضا خاتمي مديرا لمكتب الدراسات والابحاث في المجلس.,"['في المساء، لم ننس محاولة الاتصال بالمتمردين.', 'في المساء، لم ننس محاولة الاتصال بالمتمردين.', 'وقال متحدث باسم الجيش ان الاسرائيلي توفي في وقت لاحق.', 'وقال ان هناك ""رهانا كبيرا"" لكل من المجتمع الدولي والناتو في افغانستان.', 'وقد شددت اثر ذلك الاجراءات الامنية في المطارات في الولايات المتحدة وعالميا.']"
وقال ان الرخص التعدينية في المنطقة الشرقية تمثل 16 في المائة من مجموع الرخص في السعودية، ويبلغ عدد العاملين في هذه الانشطة 7.5 ألف عامل، وبلغت الكميات المستغلة من الخامات خلال عام 2003 حوالي 44 مليون طن.,"['وقال إي.', '2005: 185 مليون طن من الأرز.', '2005: 34 مليون طن من الكرنب.', 'لكن الشعور بالقلق الشديد ازاء هذه المشكلة في هذه البلدان انخفض من 50 في المائة في الولايات المتحدة في عام 2007 الى 45 في المائة هذا العام، ومن 59 في المائة الى 57 في المائة في الصين.', 'يشار الى ان آخر الارقام الرسمية المعلنة الجمعة من منظمة الصحة العالمية توضح  ان عدد الحالات المصابة وصلت الى نحو 60 الف اصابة وان عدد الوفيات 263 وفاة في 113  بلد في انحاء العالم.']"
وقال بيان عسكري أمريكي إن تحقيقا يجرى لمعرفة ملابسات تحطم المروحيتين.,"['وقال إي.', 'ويقول المعترضون إن من غير الكافي أن يقوم الجيش بفتح تحقيقات في ممارسات أعضائه.', 'وقال جرايشن إن ثمة تغييرا سيطرأ على السياسات الأمريكية تجاه السودان.', 'وقالت راو في حديث مع قناة إن بي سي الأمريكية: ""إنني أريد طفلاي"".', 'وقال مسؤول أمريكي إن الاقتراحات الصينية مفيدة لكن بيكن تحتاج إلى إعطاء أرقام محددة.']"
كتب عبد الله إسكندر مدير تحرير الحياة يقول: تلقّت قوات الاحتلال في العراق ضربات مؤلمة.,"['فصراعنا المسلح هو فقط ضد قوات الاحتلال في العراق"".', 'والقضية كما يقول هي تحرير العراق من المحتلين الامريكيين بالمقاومة المسلحة.', 'وقال: ""وفي لحظة الاحتفال تلك نتذكر اسر الرهائن البريطانيين الذين قتلوا في العراق وغيره"".', 'الاجهزة الامنية الفلسطينية انتشرت في ارجاء مدينة بيت لحم و الشوارع الرئيسية كانت تغلق عند تحرك سيارات قادة الحركة .', 'وقد عمل كروس مباشرة بعد الحرب مع السلطة الائتلافية المؤقتة التي ادارت شؤون العراق مباشرة بعد الاحتلال.']"
ـ له الحق في أن يرتدي ما يعجبه سواء كانت بدلة أوروبية وربطة عنق أو الزي العربي.,"['يذكر أن السعودية كانت وراء المبادرة العربية للسلام في الشرق الأوسط والتي طرحت عام 2002.', 'ويُذكر أن هايتي هي أفقر دولة في الجزء الغربي من الكرة الأرضية.', 'ويُذكر أن هايتي هي أفقر دولة في الجزء الغربي من الكرة الأرضية.', 'ولعلها من الصدف أن  الحي الذي أوجد فيه حاليا ورث اسم قرية كانت تدعى بني  فري.', 'ومن المقرر أن يختار مؤتمر فتح قيادة جديدة للحركة سواء في المجلس الثوري أو اللجنة المركزية .']"
وأكد أن القانون الجديد ألغى التصنيفات الفرعية للبنوك وحصرها في تصنيفين فقط هما البنوك العامة والخاصة بدلاً من وجود تصنيفات متعددة بدون هدف ولا فرق بينها إلا في نظام الملكية حيث كانت هناك بنوك عامة وخاصة واستثمارية ومشتركة.,"['لا أحد فوق القانون"".', 'ولا يزال.', 'من القاعدة إلى القمة               لقد كانت تلك عبارة عن مظاهرات انطلقت من القاعدة إلى القمة وقد اتَّسمت بالتنافر وعدم التناسق والاتساق فيما بينها، وكانت تفتقر إلى وجود تلك العربة أو الرافعة السياسية التي تستند إليها وتمدُّها بأسباب الاستمرار والبقاء.', 'واشار امين عام حزب الله الى ان هناك ""ايجابيات كبيرة في القمة السورية السعودية التي عقدت قبل مدة في دمشق، والتي كانت أول بركات هذه القمة السورية السعودية قطفت في لبنان من خلال التواصل والتلاقي بين مختلف الاطراف السياسيين"".', 'وكشفت الصحيفة عن معلومات تفيد بأن وزراء خارجية الاتحاد الاوروبي سيصدرون بيانا بعد اجتماعهم في بروكسل اليوم يعبرون فيه عن قلقهم الشديد من تصرفات طهران في مجال الحريات العامة وتحديدا المعلومات والاعلام من خلال حجب مواقع الكترونية والتشويش على محطات التلفزة"".']"
"ولفت إلى أن البنك الدولي منح السلطة فترة سماح مدتها 10 سنوات، ومدة سداد 30 سنة بفائدة قيمتها واعترف فياض بأن ذلك مخالف للقانون الأساسي (الدستور المؤقت)، مبدياً استعداده لـ ""إصلاح هذه المخالفة"" علماً أنها حصلت قبل توليه منصبه وزيراً للمال.","['وتعد هذه المشاهد للجندي البالغ 23 سنة من العمر الأولى منذ أسره قبل ثلاث سنوات، علما بأن آسريه سلموا خلال هذه المدة شريطا صوتيا له بالإضافة إلى ثلاث رسائل آخرها يرجع تاريخها إلى العام الماضي.', 'فوفقا للقانون الفلسطيني الأساسي لا بد من موافقة ثلثي أعضاء البرلمان الفلسطيني على استقالته حتى تكون نافذة، إلا أن البرلمان لم ينعقد منذ عام 2006، ولم يتضح بعد ما إذا كان سيفعل ذلك بعد تقديم الاستقالة.', 'وقال لاريجاني &#34;مازلت أعتقد أن هناك فرصة دبلوماسية وأنه من مصلحتهم (القوى الدولية) الاستفادة منها، حتى تواصل إيران عملها في إطار الوكالة والإشراف الدولي&#34;، في إشارة إلى الوكالة الدولية للطاقة الذرية التي تلتزم طهران حيالها بمعاهدات.', 'وقال لاريجاني &#34;مازلت أعتقد أن هناك فرصة دبلوماسية وأنه من مصلحتهم (القوى الدولية) الاستفادة منها، حتى تواصل إيران عملها في إطار الوكالة والإشراف الدولي&#34;، في إشارة إلى الوكالة الدولية للطاقة الذرية التي تلتزم طهران حيالها بمعاهدات.', 'ويقول الجنرال ماكريستال إن من الضروري أن تكون القوات الأفغانية قادرة على أخذ مراكزها في الصفوف الأولى، إلا أنها لن تكون قادرة على ذلك قبل مضي ثلاث سنوات، بينما ستحتاج قوات الشرطة إلى فترة أطول كي تصبح قادرة على الاضطلاع بمهامها.']"
"وهو ما ساهم بدوره في زيادة ""قصقصة"" الجنيه وتراجع قوته الشرائية لترتفع الأسعار بشكل لا مثيل له.","['لا.', 'وشدد مشعل في كلمته على أن الذي عطل صفقة تبادل الأسرى هو ما سماه ""التلاعب الاسرائيلي"".', 'بينما قتل سبعة اشخاص ما بين مهاجم ورجل شرطة في هجوم مبنى  الشرطة الجنائية في المدينة.', 'زيادة الخطر                  وهناك ساهم اثنان منهما (الشهري والعوفي) في تأسيس تنظيم ""القاعدة في جزيرة العرب""، وشاركا في شريط الفيديو لإعلان التأسيس.', 'وأضاف الحريري في مؤتمر صحفي عقده بالسفارة اللبنانية في دمشق أنه لا بد من حل الأمور مع سوريا بشكل هادئ وصريح.']"
"وقال مجاهدو خلق ان المبنى تعرض الى ""اضرار كبيرة"" وان عددا من موظفي الوزارة قتلوا او اصيبوا بجروح"".","['وقال إي.', 'وقال الموقع ان العديد من انصار المعارضة اصيبوا بجروح وجرت عمليات اعتقال في صفوفهم.', 'وتقول الشرطة ومصادر طبية ان عددا اخر من الاشخاص اصيبوا بجراح خطيرة، وان القتيل العراقي يعمل مع برنامج الغذاء العالمي.', 'وقال المقدم عبد خلف الدليمي ان ""ستة اشخاص قتلوا واصيب 16 اخرون بجروح بانفجار سيارة مفخخة يقودها انتحاري"".', 'ويشير ركاب اخرون ان عددا من الركاب وطاقم الطائرة اشتركوا في نقله الى المقصورة وتفتيشه.']"
وأشار إلى أن البنك المركزي لديه الكثير في مواجهة أية مضاربات محتملة.,"['وأشار مصدر أمني إلى أنه بين الجرحى مسؤول مكافحة المتفجرات في المحافظة, العقيد طالب الشمري.', 'وستؤدي أزمة الإئتمان الأخيرة التي واجهتها دبي مؤخرا إلى تفاقم المشكة.', 'ولا يتوقع المحللون أن يرفع البنك المركزي الياباني أسعار الفائدة قريبا.', 'ولا يتوقع المحللون أن يرفع البنك المركزي الياباني أسعار الفائدة قريبا.', 'ويشير المحللوت إلى أن ماتعهدت به تلك البلدان لا يتجاوز 18 في المئة.']"
وتمت دعوة تحالف منظمات غير حكومية لجنوب افريقيا باعتبارها سكرتارية المؤتمر لزيارة الأراضي الفلسطينية بدعوة من المنظمات الفلسطينية لحقوق الإنسان وكذلك لرصد الانتهاكات التي تقوم بها السلطات الإسرائيلية تجاه الشعب الفلسطيني وسياسة الفصل العنصري للسلطات الإسرائيلية.,"['المناهج الإسرائيلية.', 'ولم يرد بعد رد للسلطات الإسرائيلية على بيان منظمات الغوث هذه.', 'وعانى الفلسطينيون عموما من التعذيب في السجون الاسرائيلية  لعقود ولكن هذه الظاهرة انتقلت إلى سجونهم وحتى طرق التعذيب تتكرر وحسب هذه  المنظمات فإن تجربة التعذيب اذا ما قورنت مع الانتهاكات الأخرى فهي  الاكثر تأثيرا على الإنسان.', 'وفي رام الله، اتهم الرئيس الفلسطيني، الذي فاز يوم السبت بدعم حركته حركة فتح لقراره استئناف التفاوض مع اسرائيل، رئيس الحكومة الاسرائيلية بالتعنت فيما يخص الانسحاب من الاراضي الفلسطينية المحتلة وهو موقف قال الرئيس عباس إنه يهدد بالقضاء على العملية السلمية برمتها.', 'أمر لافت               اللافت أيضا ما حدث في الليلة التي سبقت قرار التأجيل عندما صرح سفير اسرائيل في جنيف لكل وسائل الاعلام الاسرائيلية بأن السفير الفلسطيني ابلغه نية السلطة الفلسطينية التأجيل، وهذا ما تناولته وسائل الاعلام.']"
درسدن (المانيا) 15-7 (اف ب)- ذكرت الشرطة ان مواجهات وقعت عصر اليوم السبت في درسدن (شرق) بين حوالى 300 ناشط من النازيين الجدد كانوا يتظاهرون في وسط المدينة وبين حوالى 200 متظاهر من اليسار المتطرف.,"['ب.', 'ب.', 'ب.""', 'اليوم في بغداد.', 'اليوم في بغداد.']"
العثور على عملات اجنبية فى احد احياء بغداد,"['وقد مر يوم كامل على الحادث دون العثور على جثث الضحايا حتى الان.', '                           \u202dBBC Arabic\u202c - \u202eالعالم\u202c - \u202eاضمحلال الامل في العثور على احياء في انفجار سيبريا\u202c                          content=""مسؤولون روس يحذرون من ان الامل ضعيف في العثور على احياء بين العمال الـ 64 الذين حصروا داخل محطة لتوليد الطاقة الكهربائية بسيبريا بعد انفجارها.""', '/>                            الرئيسية          الشرق الأوسط   \t\t  العالم   \t\t  شارك برأيك   \t\t  اقتصاد وأعمال   \t\t  منوعات  \t \t\t  علوم وتكنولوجيا   \t\t  رياضة   \t\t  راديو وتلفزيون                   آخر تحديث:  \xa0الثلاثاء, 18 أغسطس/ آب, 2009, 12:31 GMT            اضمحلال الامل في العثور على احياء في انفجار سيبريا                 حذر مسؤولون روس من ان الامل ضعيف في العثور على احياء بين العمال الـ 64 الذين حصروا داخل محطة لتوليد الطاقة الكهربائية بسيبريا بعد انفجارها.', 'لكن فاسيلي زوبايكين القائم باعمال مدير الشركة المالكة للمحطة (شركة روسهايدرو) قلل من احتمال العثور على احياء.', 'وقال زوبايكين: ""إنه لمن غير المرجح ان نتمكن من العثور على احياء في المنطقة التي غمرتها المياه.""']"
"""الصحة العالمية"": 10 ملايين مريض نفسي في مصر","['                           \u202dBBC Arabic\u202c - \u202eعلوم وتكنولوجيا\u202c - \u202eانخفاض وفيات الايدز بـ10 في المئة خلال خمس سنوات\u202c                          content=""التعاطي المتزايد للعقاقير المضادة للفيروسات يؤدي إلى تقليل وفيات الايدز بنسبة 10 في المئة خلال السنوات الخمس الماضية، حسب منظمة الصحة العالمية.""', '/>                           الرئيسية          الشرق الأوسط   \t\t  العالم   \t\t  شارك برأيك   \t\t  اقتصاد وأعمال   \t\t  منوعات  \t \t\t  علوم وتكنولوجيا   \t\t  رياضة   \t\t  راديو وتلفزيون                   آخر تحديث:  \xa0الثلاثاء, 24 نوفمبر/ تشرين الثاني, 2009, 11:23 GMT            انخفاض وفيات الايدز بـ10 في المئة خلال خمس سنوات                 كشفت منظمة الصحة العالمية عن أن التعاطي المتزايد للعقاقير المضادة للفيروسات أدى إلى تقليل وفيات الايدز بنسبة 10 في المئة خلال السنوات الخمس الماضية.', 'وفي العام الماضي أعلنت السعودية نجاحها في تحقيق خطط تمكنها من رفع انتاجها النفطي البالغ ثمانية ملايين برميل يوميا ليتجاوز 12 مليون برميل يوميا عند الحاجة، كما أكدت  انها ستواصل الاستثمار في قطاعها النفطي لتحقيق الاستقرار في أسواق النفط العالمية.', 'وكانت الخدمة العالمية لبي بي سي بثت تقريرا لمحرر الشؤون الافريقية مارتن بلوت خلص فيه الى ان ملايين الجنيهات الاسترلينية التي جمعت من تبرعات في بريطانيا استخدمت لشراء اسلحة لمتمردي اقليم تيجراي شمال اثيوبيا.', 'في عام 1973 اعتبرت منظمة الصحة العالمية  القات نبات مخدراً متوسط القوة ، وتوالت دراسات جادة أكدت أن الادمان عليه تؤدي الى إحداث اضطرابات جسدية ونفسية وعقلية خطيرة، تسبب الهزال والخمول وضعف البدن وامراضاً في القلب والدم والاطراف والاعصاب والدماغ .']"
"** ""بحب السينما"" واحد من هذه الأفلام التي حققت إقبالا جماهيريا متميزا في المهرجان السابق علاوة على تتويجه بجائزتي أفضل سيناريو وأفضل تصوير.","['إنه أفضل ما في هذه الغرفة.', 'وهذا امر عادي قد يحدث في اي مكان في العالم لكن الفريد في بغداد ان  بعض هذه اللافتات في حجم لافتات الافلام فوق دور السينما!!', 'وفرض برشلونة سيطرته الميدانية منذ بداية المباراة في محاولة على ما يبدو لحسم النتيجة مبكرا وتفادي سيناريو المفاجآت الذي أطاح بغريمه ريال مدريد من المسابقة.', 'وفرض برشلونة سيطرته الميدانية منذ بداية المباراة في محاولة على ما يبدو لحسم النتيجة مبكرا وتفادي سيناريو المفاجآت الذي أطاح بغريمه ريال مدريد من المسابقة.', 'وأوضح الفيصل أن هذه السياسة في توسيع المستوطنات تلقي ظلالا من الشك على مدى جدية إسرائيل في الالتزام بعملية السلام.']"
كن متخصصاً وستتقدم بطريقة سريعة.,"['وقد أطلق سراحه مؤخرا لأسباب صحية.', 'وقال إنها كانت بريئة... كانت شهيدة.', 'وقد تكرر هذا العرض من باعة آخرين.', 'وقد أخلي سبيل ستة منهم.', 'يوم قضيناه برفقة لاجئين.']"
وأضاف أن قانون التمويل العقاري يندرج في سلسلة التشريعات التي تعمل على حل مشكلة الإسكان وتنشيط حركة تداول الوحدات السكنية الجديدة والقديمة في سوق العقارات مما يؤدي إلى توازن الأسعار وتشجيع المستثمرين على بناء وحدات اقتصادية بمساحات صغيرة لصالح محدودي الدخل.,"['الحكومة الجديدة تعمل على برنامج تأميم ضخم.', '/>                           الرئيسية          الشرق الأوسط   \t\t  العالم   \t\t  شارك برأيك   \t\t  اقتصاد وأعمال   \t\t  منوعات  \t \t\t  علوم وتكنولوجيا   \t\t  رياضة   \t\t  راديو وتلفزيون                   آخر تحديث:  \xa0الجمعة, 22 يناير/ كانون الثاني, 2010, 03:05 GMT            أوباما: بالغنا في توقعاتنا حول حل مشكلة الشرق الأوسط                 قال الرئيس الأمريكي باراك اوباما إنه لم يدرك مدى صعوبة التوصل إلى حل لنزاع الشرق الأوسط، وبالغ في توقعاته في السنة الأولى من حكمه.', 'وكانت الحكومة السودانية قد وقعت بالأحرف الأولى على اتفاق لوقف اطلاق النار مع واحدة من الفصائل الرئيسية المتمردة في اقليم دارفور، وهي حركة العدل والمساواة، والذي يعتبر اطار عمل لاجراء المزيد من المحادثات.', 'كما دعا جامعة  الدول العربية أن تعمل على وقف &#34;التدهور والعبث بمقدرات الشعبين&#34;، وناشد الموقعون مؤسسات  المجتمع المدني والقيادات الشعبية والمثقفين والكتاب في البلدين أن تعمل على تدارك  الاخطاء التي ارتكبها البعض من هنا وهناك وبحث اليات عمل مشتركة تعيد العلاقات بين  الشعبين إلى سابق عهدها.', 'وأضاف أن الوفد سيحاول اقناع القيادة المصرية تأجيل التوقيع على اتفاق المصالحة الفلسطينية، في ضوء مواقف السلطة الفلسطينية الاخيرة وتأجيلها التصويت على تقرير جولدستون امام مجلس حقوق الانسان التابع للامم المتحدة.']"
"باريس-- أصدرت موخرا مطربة الشباب الفرنسية ميلين فارمر أول كتاب لها بعنوان "" ليزا الذئب والراوى"" الذى طرحت منه فى المكتبات الفرنسية 50 الف نسخة .","['كما فاز هال سيتي بهدفين لهدف على مانشستر سيتي الذي لعب معه لاول مرة وعلى مدى نصف ساعة في الشوط الثاني الفرنسي باتريك فييرا المنتقل من انتر ميلان الايطالي.', 'وفرنسا مصممة على منع النقاب الذي ترتديه اقل من الفي امراة في البلاد وفق الأرقام الرسمية، حسبما ذكرت وكالة الأنباء الفرنسية.', 'وقال رئيس الشرطة في مدينة كراتشي، وسام أحمد، لوكالة الأنباء الفرنسية ""الوفيات حدثت بسبب الاختناق والتدافع في واحد من أكثر المناطق اكتظاظا بالناس في خوري جاردن"".', 'وقد اعتقل الشاب البالغ من العمر 25 عاما الثلاثاء بعد أن جرى تعقبه لعدة شهور باشتراك الشرطة الفرنسية والأف بي آي.', 'وقد اعتقل الشاب البالغ من العمر 25 عاما الثلاثاء بعد أن جرى تعقبه لعدة شهور باشتراك الشرطة الفرنسية والأف بي آي.']"
جولة جديدة لمفاوضات التجارة التفضيلية بين مصر والهند والهند,"['والمنفعة متبادلة لان مصادر المخابرات اليمنية جيدة جدا"".', 'والمنفعة متبادلة لان مصادر المخابرات اليمنية جيدة جدا"".', 'واضاف: &#34;ان التغيرات ستشمل مساحات جديدة من التعاون&#34;.', 'وتجري مفاوضات بين الجانبين برعاية من الأمم المتحدة.', 'من جانبها قالت ميركل ""لدينا فرصة فريدة لاعطاء دفعة جديدة للمفاوضات"".']"
واعلن المسؤول الامني ان مجموعات من »حماس« هاجمت أيضاً مقر الشرطة في مخيم النصيرات حيث خرج مئات من المتظاهرين بعد الاعلان عبر مكبرات صوت في المساجد ان الشرطة الفلسطينية أطلقت النار على المتظاهرين في غزة. وذكر ان هؤلاء »رشقوا مركزاً للشرطة بالحجارة وتدخلت قوات منها وتنظيم حركة فتح والقوى الوطنية«.,"['لم يكن هؤلاء المتظاهرين العزل.', 'واعتقلت قوات الأمن عددا من المتظاهرين.', 'وقال: ""فتح فلسطينيون النار على دورية للجيش عبر الحاجز الامني.', 'وقال مراسلنا إن قوات الامن الفلسطينية أطلقت النار في الهواء في محاولة لتفريق المتظاهرين الذين يرشقون الحجارة على الجنود المصريين.ونشرت حكومة حماس المقالة في قطاع غزة المزيد من التعزيزات للسيطرة على الموقف.', '""هذا هو الوقت المناسب""                وكانت وحدات من الجيش العراقي قد اجرت استعراضات في شوارع بغداد يوم امس الاثنين  وآلياتها مزينة بالورود والاعلام العراقية بينما اذيعت الاغاني الوطنية عبر مكبرات  صوت جرى تثبيتها في نقاط السيطرة التابعة لقوات الامن.']"
"تتصدر مقاطعة قوانغدونغ غيرها بالصين من حيث عدد تكنولوجيا براءات الاختراع والعلامات التجارية المسجلة, علما ان هذه المقاطعة مركز اقتصاد هامى وهى ايضا بوابة الصين الجنوبية.","['ويقول التقرير ايضا إن اقليم هلماند الجنوبي شهد اكبر انحفاض في انتاج هذه المادة، ولو ان الانتاج الحالي ما زال اكبر مما كان عليه منذ ثلاث سنوات.', 'وقال ياو جيان في بيان نشر على موقع الوزارة على الانترنت "" يوم السبت ان ""الصين  تدين بقوة هذا العمل الخطير من اعمال الحماية التجارية من قبل الولايات  المتحدة.""', 'وقال ياو جيان في بيان نشر على موقع الوزارة على الانترنت "" يوم السبت ان ""الصين تدين بقوة هذا العمل الخطير من اعمال الحماية التجارية من قبل الولايات المتحدة.""', 'وورد في البيان ايضا ان ""اوباما اشار الى اهمية العمل من اجل انجاح مؤتمر كوبنهاجن في ديسمبر/ كانون الثاني والى اهمية دور الصين والولايات المتحدة في هذا  الاطار"".', 'وسيتوجه الرئيس اوباما من اليابان الى سنغافورة حيث سيحضر جانبا من القمة الاقتصادية لمنطقة آسيا والمحيط الهادئ المنعقدة هناك، ومن ثم يتوجه الى الصين ثم كوريا الجنوبية.']"
فؤاد كنعان، رائد القصة القصيرة في لبنان رحل مساء أمس عن 81 عاماً.,"['وفي ذلك  الوقت سجلت أول عملية زرع كبد في لبنان عام 1997.', 'كان الرجال السبعة في خيمة كنعان من عمال التبغ في ازمير.', 'كنا نمر في حالة رعب من الوضع المالي في عام 2008 .', 'وقال متحدث باسم الشركة إنه كان من المقرر أن ترسو السفينة في لبنان.', 'ستون في المئة من سكان ايران تقل اعمارهم عن 30 عاما، ولا يذكرون شيئا عن الثورة  الاسلامية عام 1979.']"
أفاد الراديو النيجيرى المحلى اليوم أن سبعة أشخاص ، من بينهم ثلاثة من أفراد الشرطة ، قتلوا على يد عصابة من اللصوص المسلحين على طريق انكا - جومى السريع بولاية زامفارا شمال غرب نيجيريا .,"['واعلن قائد الشرطة المحلي  ان الدخان يملأ سماء المنطقة  بينما تحاول السلطات المحلية السيطرة على النيران  حتى وقت متأخر من مساء الاحد في المعبر الحدودي الواقع في اقليم بلوشستان جنوب غرب باكستان.', 'وكان الأمير خالد بن سلطان بن عبد العزيز مساعد وزير الدفاع السعودي قد أكد أن ثلاثة جنود سعوديين قتلوا وجرح خمسة عشر آخرون في المواجهات الدائرة مع المسلحين الحوثيين على الحدود مع اليمن.', 'واعتقلت الشرطة في نهاية المسيرة ثمانية أشخاص على الأقل من بينهم الناشطة المناهضة للحرب في العراق سيندي شيهان وذلك بعد أن وضعوا مجسما لتابوت خارج بوابة البيت الأبيض.', 'وأفادت وكالة رويترز للابناء أن خمسة مدنيين أفغان، بينهم اثنان من النساء، قتلوا اليوم الجمعة عندما اصابت قذيفة سيارتهم في شمال غربي اقليم بادغيس حسبما أعلن الناطق الرسمي في الاقليم شرف الدين مجيدي.', 'وأصيب ثلاثة عشر من الزوار المتوجهين لاحياء ذكرى وفاة الامام موسى الكاظم في انفجار عبوة ناسفة على طريق محمد القاسم السريع شرقي بغداد.من جهة أخرى أصيب ثمانية زوار آخرين بانفجار عبوة أخرى في منطقة الدورة جنوبي بغداد.']"
5 ـ إن الوضع العالمي الراهن لن يشكل أي تأثير على نوايا إسرائيل سواء أجاء ذلك من روسيا التي لن تستطيع القيام بأي دور للجم إسرائيل عن شن مثل هذه الحرب أو الاتحاد الأوروبي الذي يكاد الرئيس الفرنسي جاك شيراك وحده يغرد خارج هذا الاتحاد محذراً من خطورة أن تندلع حرب شرق أوسطية جديدة.,"['إن الوضع مدمر"".', 'هذا الامر لن يغير الوضع على الارض"".', 'إلا أن تأثير ذلك كان محدودا.', 'هذا مهم.', 'وأبلغ دبلوماسي أوروبي رفض الإفصاح عن اسمه وكالة الأنباء الفرنسية أن الاتحاد الأوروبي كان قد مارس في أيار/مايو الماضي ضغوطا على العراق لإلغاء تلك الفقرة محذرا من عدم مشاركة الشركات الأوروبية في المعرض ما لم يتم ذلك.']"
2- الدعوة إلى تصفية المرتكزات المؤسسية والقانونية لنظام الفصل العنصري الإسرائيلي.,"['وزار الوزير الإسرائيلي جناح الأردن ومصر والمغرب إلى جانب الجناح الفلسطيني في المعرض.', 'ومنعت القوات الإسرائيلية الدخول إلى المسجد وطالبت المصلين المرابطين داخله بالخروج.', 'ودعا الفيصل إلى إزالة جميع المستوطنات الإسرائيلية وإنهاء الاحتلال الإسرائيلي للأراضي العربية.', 'ويرفض الفلسطينيون الدخول في مفاوضات مع الحكومة الإسرائيلية إذا لم تجمد بناء المستوطنات.', 'وأكد أن ""دولة إسرائيل يجب ان تعيش إلى جانب الدولة الفلسطينية"".']"
وعاد باقري العام الماضي الى بيروزي حيث بدأ مسيرته الكروية، لكن عندما تبين للنادي الايراني انه لن يتمكن من اشراك لاعبه العائد في كأس ابطال اسيا، اعاره الى نادي النصر الاماراتي لكنه لم يصب نجاحا في الاخير لانه لم ينسجم تماما مع لاعبيه.,"['""واضاف انه لم يصب احد بسوء.', '""واضاف انه لم يصب احد بسوء.', 'ونقلت صحيفة ""جلف نيوز"" عن بيان للمدعي العام الاماراتي ان الامريكي ناجي حمدان، اللبناني الأصل والبالغ من العمر43 عاما ""كان يقيم علاقات مباشرة مع انصار السنة عبر اتصالات الكترونية"".', 'وكرر اوباما خلال زيارته الى تركيا في شهر ابريل/نيسان الماضي موقفه وقال انه مازال يعتبر ما تعرض لها الارمن يصل الى مستوى الابادة  لكنه اشار الى  ان تطبيع العلاقات بين ارمينيا وتركيا له الاولوية.', 'وكرر اوباما خلال زيارته الى تركيا في شهر ابريل/نيسان الماضي موقفه وقال انه مازال يعتبر ما تعرض لها الارمن يصل الى مستوى الابادة  لكنه اشار الى  ان تطبيع العلاقات بين ارمينيا وتركيا له الاولوية.']"
واشترط وزير الخارجية لتأييد ماليزيا قرار كهذا ، عدم الربط بين القرار والغزو الذى قادته الولايات المتحدة ضد العراق ، وتحقق الامم المتحدة من تدمير اسلحة الدمار الشامل العراقية ، وسيطرة الشعب العراقى على كافة موارده.,"['باراك الرب في الولايات المتحدة.""', 'ان الولايات المتحدة ستواصل دعم العراق كشريك وكصديق"".', 'ان الولايات المتحدة ستواصل دعم العراق كشريك وكصديق"".', 'الامم المتحدة تفرق بين النزوح واللجوء.', 'فهذه المخاوف لاتقتصر على الولايات المتحدة فقط.']"
يشار إلى أن اقتصاد جنوب أفريقيا يتمتع بوجود قاعدة صناعية متقدمة وبنية تكنولوجية حديثة قادرة على المنافسة العالمية، وهو ما انعكس على هيكل صادرات وواردات جنوب أفريقيا المتنوع بشكل كبير.,"['كما يبدي القادة الباكستانيون حرصهم أيضا على أن يلعبوا دورا في تدريب القوات الأفغانية، وهو اقتراح يُقال إن كرزاي يتعامل معه ببرودة في الوقت الراهن.', 'وقال المتحدث باسم وزارة الخارجية الامريكية ايان كيلي الجمعة ""على الرغم من أن التقرير يتناول كل أطراف الصراع، إلا أنه يركز بشكل كبير على ما قامت به إسرائيل"".', 'ويشرح فكرته قائلا إن اليمن ""على الرغم من أنه يصارع ضد التمرد الداخلي، فهو ليس دولة فاشلة، وهو يتمتع بعائدات نفطية معتبرة وتقبل حكومته بدعم عسكري أمريكي"".', 'ولكن أعتقد أن على المدى البعيد من حق كل طفل يهودي وكل طفلة أن يعيشوا في سلام وفي حرية وفي ديمقراطية بدون صهيونية كما يعيش اليوم البيض في جنوب افريقيا بعد نهاية نظام الأبارتايد (الفصل العنصري).', 'يشار إلى أن  صناعة السينما في العراق تراجعت الى حد كبير جدا، واقفلت اكثر من تسعين في المئة من دون السينما ابوابها، وتحول البعض منها الى مخازن لبضائع مختلفة.']"
ودخلت المانيا في نفق مظلم بعد خروجها المذل من الدور الاول لنهائيات كأس الامم الاوروبية في بلجيكا وهولندا في حزيران/يونيو الماضي وهي حاملة اللقب قبل 4 سنوات خصوصا اثر خسارتها امام البرتغال صفر-3 علما بان الاخيرة اراحت ابرز نجومها وعلى رأسهم لويس فيغو اغلى لاعب في العالم حاليا.,"['سنبقى في العراق بعد الثلاثين من يونيو/حزيران بلا  شك.""', 'وبدأت محاكمة حمدان في 14 يونيو/حزيران.', 'يشار إلى ان شهر اغسطس/آب الماضي كان الأشد دموية في العراق منذ اكثر من عام في تدهور واضح للامن وتحد لرئيس الوزراء العراقي نوري المالكي الذي تسلمت حكومته الملف الأمني بالكامل في المدن والبلدات بعد انسحاب القوات الأمريكية منذ نهاية يونيو/حزيران الماضي.', '/>                            الرئيسية          الشرق الأوسط   \t\t  العالم   \t\t  شارك برأيك   \t\t  اقتصاد وأعمال   \t\t  منوعات  \t \t\t  علوم وتكنولوجيا   \t\t  رياضة   \t\t  راديو وتلفزيون                   آخر تحديث:  \xa0الاحد, 14 مارس/ آذار, 2010, 13:54 GMT            جنبلاط: ما قلته عن الاسد غير لائق وجاء في لحظة غضب                قال النائب اللبناني وليد جنبلاط الذي كان خلال الاعوام الاخيرة من اشد المعارضين لسوريا ان ""ما صدر منه من كلام بحق الرئيس السوري بشار الاسد جاء في لحظة غضب وهو كلام غير لائق"".', '/>                           الرئيسية          الشرق الأوسط   \t\t  العالم   \t\t  شارك برأيك   \t\t  اقتصاد وأعمال   \t\t  منوعات  \t \t\t  علوم وتكنولوجيا   \t\t  رياضة   \t\t  راديو وتلفزيون                  بورا يودع المنتخب العراقي                يبدو ان المدرب الصربي بورا ميلوتينوفيتش سيطوي صفحة اخرى من سجله الحافل بعد فشل المنتخب العراقي في التأهل للدور الثاني من بطولة القارات المقامة في جنوب افريقيا.']"
واستكملت ثلاث ناقلات فقط عمليات الشحن وكلها لشركات تكرير هندية.,"['اليوم، هنا، في المير ولاهاي، وغدا في كل هولندا.', 'بالطبع قد تكون هناك معسكرات سرية، ولكننا نسحقها عندما نجدها.""', 'واغلقت مدارس عديدة وتعطلت رحلات طيران وتعمل المستشفيات لحالات الطواريء فقط.', 'وهذا العام هو الاكثر دموية حتى الآن بالنسة لقوات التحالف.', 'الا ان ايران تصر على ان تجري عمليات تبادل لليورانيوم على اراضيها فقط.']"
وأوضح القرنشاوي أن اللائحة الجديدة لقانون البنك المركزي ضمت العديد من النقاط في القانون القديم وجعلتها أكثر وضوحاً حتى يتمكن من وضع السياسات ويسهل الالتزام بها ولا يحدث خلط بينها.,"['2005: أكثر من 96 في المئة.', 'ولا يهدف المركز الى تعليم الموسيقى فحسب بل "" السلوك الجيد الذي بات العديد من الشبان في العراق يفتقرون اليها منذ الغزو الامريكي"" حسبما يرى القائمون على المركز.', 'يورد التقرير مثالا على تلك المزاعم يتمثل بما صدر عن ""إئتلاف دولة القانون""، الذي يترأسه المالكي، من قول إن الأحزاب العلمانية في البلاد ارتكبت أعمال تزوير خلال الانتخابات الأخيرة.', 'لا أحد فوق القانون"".', 'وقد أعربت بعض الأوساط السياسية العراقية عن مخاوفها من أن يؤدي التأجيل المستمر لمشروع القانون إلى اعتماد مجلس النواب القانون القديم الذي ينص على اعتماد نظام القائمة المغلقة في اختيار مرشحي الكيانات السياسية لعضوية مجلس النواب.']"
"وقال المتحدث مانويل دي الميدا اي سيلفا ان انان ""يرحب بالضمانات التي تلقاها من الرئيس السوداني (عمر البشير) والتي تفيد باتخاذ جميع الاجراءات لضمان سلامة الطائرات والعاملين في عملية لايف لاين سودان"".","['وقال إي.', 'واعلن مسؤول تشادي ان وفدا رفيعا من بلاده التقى الخميس في الخرطوم الرئيس السوداني عمر البشير للبحث في ""مشاكل امنية"" بين تشاد والسودان اللتين يغلب التوتر على علاقاتهما.', 'وانتقد غازي صلاح الدين مستشار الرئيس السوداني عمر البشير، القانون الذي سينظم عملية الاستفتاء عام 2011 والذي تم تشريعه في ديسمبر/كانون الاول الماضي بعد شهور من الخلاف قائلا انه يفتقد الى تحديد موعد زمني نهائي لمناقشة هذه القضايا الكبرى.', 'الا ان منتقديها يعتبرونها محاولة من الاتحاد الافريقي لتجنب التعاون مع المحكمة الجنائية الدولية في قضية الاتهامات الموجهة الى الرئيس السوداني عمر البشير.', 'وقال مراسل لبي بي سي استنادا الى مصادر سودانية ان البشير استمع الى نصيحة نائبه علي عثمان طه الذي حذره من المجازفة خوفا من الطائرات الحربية اليونانية والاسرائيلية التي ربما تكون تترصد طائرته.']"
والقضية الاساسية التي يوردها التقرير هي تأكيده على ان العالم لن يشهد تطورات دراماتيكية على مدى العقد المقبل تعدل من هذا التوازن، لذا فان هناك الكثير من الاسباب التي تفسر بقاء نفط الشرق الأوسط كعامل مسيط في سوق النفط الدولية على مدى العقدين المقبلين.,"['هناك الكثير من القمع هنا.', 'هذا مهم.', 'وقال الناطق الاعلامي في وزارة النفط العراقية عاصم جهاد : ان الوزارة ستوقع على مدى الاسبوعين المقبلين بالاحرف الاولى على عقود تطوير الحقول النفطية التي تم طرحها خلال جولة التراخيص الثانية.', 'ان ذلك يحدث في كل بلدان العالم.""', 'ان ذلك يحدث في كل بلدان العالم.""']"
من هذا المنطلق ستبدأ سلطة الاشراف في الاعداد لوضع نظام مرن بما يمكن من تواصل الخدمات الاستشفائية والعيادات الخارجية كامل اليوم وتزامنا مع ذلك ستعمل السلطة على اسداء خدمات احسن للطب الاستعجالي من خلال خطة ستضبط للنهوض به. وفي نفس الاطار نذكر انه مع حلول سنة 2009 سيتم تعميم طب الاختصاص على كل الولايات.,"['اليوم في بغداد.', 'اليوم في بغداد.', 'في تقريرها اليوم.', 'هذا مهم.', 'لكن هذا ما حدث على كل حال.']"
وقال راشد إن الشركات العالمية بررت زيادة رسوم الشحن بارتفاع أسعار الوقود وتغطية خدمات الأمان على طائراتها.,"['وقال إي.', 'وقال إن الأزمة المالية  العالمية أثرت على الجميع.', 'وقالت الحكومة اليابانية إنها ستنهي مهمة تزويد قطع بحرية عاملة في أفغانستان بالوقود، بينما عرضت زيادة المساعدات المدنية.', 'وقال إنه عندما رست القطعة البحرية التي كان على متنها في قاعدة بحرية فرنسية، استقبل بحارتها استقبالا حارا.', 'وقال محللون إن اسعار النفط على المدى القصير يمكن ان تعتمد على قوة الدولار، وعلى مقدار تحسن الأداء في الشركات الأمريكية العملاقة.']"
دخلت النقابات في مصر على خط الحوار السياسي الذي يجريه الحزب الوطني الحاكم مع أحزاب المعارضة، إذ وجهت نقابة الصحافيين دعوة إلى رؤساء النقابات الأخرى إلى اجتماع يعقد منتصف الأسبوع المقبل للتشاور في شأن كيفية المشاركة في الحوار.,"['بيد أن مراقبين يرون ان هذه الاتفاقية ستؤثر في صياغة وتشكبل التحالفات السياسية المقبلة لدخول الانتخابات وربما تدفع بالاحزاب السياسية المعارضة الاخرى بالاتجاه نحو الحركة الشعبية لتكوين جبهة عريضة ضد المؤتمر الوطني الحاكم.', 'ونقلت وكالة الأنباء الفرنسية عن فاروق أبو عيسى المتحدث باسم التوافق الوطني – الذي يضم أبرز أحزاب المعارضة السودانية في ختام اجتماع في مدينة أم درمان- ""اذا ما اجريت الانتخابات فستكون كارثة للسودان"".', 'ونقلت وكالة الأنباء الفرنسية عن فاروق أبو عيسى المتحدث باسم التوافق الوطني – الذي يضم أبرز أحزاب المعارضة السودانية في ختام اجتماع في مدينة أم درمان- ""اذا ما اجريت الانتخابات فستكون كارثة للسودان"".', 'وتقول الأمم المتحدة إنها لن تكون قادرة على الإشراف على عملية الاقتراع إذا لم يقر النواب قانون الانتخابات اليوم، وهو ما قد ينعكس بدوره على الموقف الامني الذي يشهد تدهورا في الأسابيع الأخيرة.', 'وتقول الأمم المتحدة إنها لن تكون قادرة على الإشراف على عملية الاقتراع إذا لم يقر النواب قانون الانتخابات اليوم، وهو ما قد ينعكس بدوره على الموقف الامني الذي يشهد تدهورا في الأسابيع الأخيرة.']"
وبات موقف فريق الاهلي صعبا للغاية في البطولة الافريقية التي يسعى للفوز بلقبها وتضع جماهيره ايديها على قلوبها خشية انهياره.,"['وكان تخطي عقبة جنوب أفريقيا هو الفوز الرابع على التوالي للمنتخب البرازيلي في  البطولة التي يحمل لقبها.', 'وقالت الجمعية ان فريق محامي الدولة الاسرائيلية المعني بالقضية لم يقدم للمحكمة اي دليل على ان برلنتي كانت تقيم في الضفة بشكل غير قانوني.', 'وكانت السلطات الامريكية قد القت القبض على المري في شهر ديسمبر/كانون الاول 2001 عندما كان يدرس في جامعة برادلي بولاية الينوي.', 'إن من الروعة متابعة المباريات التي يلعب فيها، ويعزى له الفضل في تحقيق فريق تشيلسي نتائج طيبة وتصدر البطولة الإنجليزية خلال الموسم الحالي.', 'وكان رد الوزير الايراني ساخرا على موقف وزير الخارجية الامريكية هيلاري كلينتون بان الغرب بدأ ينفذ صبره من مماطلة ايران بقوله ""صحيح؟"".']"
ونفى بشدة تعرض القاهرة إلى أي ضغوط أجنبية بهدف حملها على البدء بعمليات الإصلاح الواسعة .,"['وسبق لمجلس الأمن الدولي أن فرض ثلاث حزم من العقوبات على إيران، وهناك ضغوط أخرى بهدف فرض مزيد من العقوبات عليها.', 'وقد عثر على جثة  بندر بن عبد الله  في احد اجنحة الفندق الواقعة في الطابق الثالث صباح الاثنين.', 'وسبق لمجلس الأمن الدولي أن فرض ثلاث جولات من العقوبات على إيران، وهناك ضغوط أخرى بهدف فرض مزيد من العقوبات عليها.', 'وأضاف البيان أن ""الجانبين شددا على الحاجة إلى إيجاد حل مناسب بالنسبة إلى المشكلة الحالية"".', 'وورد في بيان المنظمة ""أن الحكومة الليبية تعود إلى عهد السيطرة على الإعلام"".']"
أوضح المكتب أن قيمة صادرات الملابس الجاهزة بلغت نحو 236.37 مليون مقابل 198.38 العام الماضي بزيادة قدرها 19.15%.,"['وقال المكتب إن 408 الف نسمة اضيفوا الى عدد السكان العام الماضي ليرتفع التعداد العام الى 61.4 مليون نسمة.', 'يشار الى ان نحو 36 الف مهاجر قد حطوا على الاراضي الايطالية العام الماضي بزيادة قدرها 75% عن العام الاسبق.', 'فقد سحبت الشركة نحو 2,3 مليون سيارة في الولايات المتحدة الاسبوع الماضي بسبب الخلل في دواسة البنزين فيها.', 'وقد أعدمت السعودية 67 شخصا في العام الماضي، أي أقل من الرقم القياسي الذي بلغ 153 في عام 2007.', 'وقد فقدت العملة الأمريكية حوالي 18 بالمائة من قيمة صرفها مقابل اليور منذ شهر آذار/مارس الماضي.']"
"واشنطن 15-7 (اف ب)- علم من عددي صحيفتي ""فاينانشال تايمز"" و""وول ستريت جورنال"" على الانترنت مساء الجمعة ان المجموعة الاميركية ""جنرال ميلز"" ستشتري الشركة الاميركية ""بيلزبوري"" من المجموعة البريطانية العاملة في مجال المشروبات الروحية ""دياجيو"" بقيمة 10،5 مليار دولار.","['ب.', 'ب.', 'و', 'ب.""', 'ورحبت واشنطن الجمعة بقرار التأجيل.']"
وتتمثل عمادة الجامعة في قادة المجاهدين وعلى رأسهم أسامة بن لادن.,"['ونفى صدام أي علاقة بزعيم تنظيم القاعدة أسامة بن لادن الذي وصفه بالمتعصب.', 'وقال انها ستكون قادرة في القريب العاجل على توفير قدر أكبر من الحماية والامن لهؤلاء المشردين.', 'وتدعو ريم أسعد مدرسة مادة الاقتصاد الى استخدام نساء في تلك المتاجر.', 'وتحاول القوات الحكومية طرد مقاتلي حركة شباب المجاهدين والمسلحين المتحالفين معها من قواعدهم في مقديشو.', 'وتحاول القوات الحكومية طرد مقاتلي حركة شباب المجاهدين والمسلحين المتحالفين معها من قواعدهم في مقديشو.']"
نيجيريا/انفجار/حريق - لقي 18 شخصا مصرعهم عند انفجار انبوب نفط في جنوب شرق نيجيريا السبت بينما كانوا يشفطون النفط منه بطريقة غير قانونية.,"['وفي التاسع من يوليو/ تموز لقي ما يقل عن 34 شخصا مصرعهم واصيب 72 آخرون بجروح في انفجار سيارة مفخخة في مدينة تلعفر.', 'ويقع حقل غرب القرنة 2 في جنوب العراق بينما يمتد حقل مجنون الى الشرق منه وبالقرب من الحدود الايرانية.', 'فقد اسفر انفجار حافلة ركاب كان على متنها عدد كبير من الاطفال والنساء كانوا في طريقهم لحضور حفل زفاف في شمال غرب باكستان عن مقتل اكثر من 15 شخصا.', 'وكان التوتر قد تصاعد مؤخرا بين اليهود والفلسطينيين في المدينة منذ أن طردت اسرائيل عائلتين  فلسطينيتين من منزليهما وتهديدها بهدم عشرات المنازل التي تقول  انها بنيت بطريقة غير قانونية.', 'وكان انفجار استهدف سوقا في مدينة الصدر في شهر يونيو/حزيران الماضي قد اودى بحياة 72 شخصا.']"
"برلين 15-7 (اف ب) - افادت صحيفة الاحد الالمانية ""ويلت ام سونتاغ"" في عددها الصادر غدا، ان المستشار غيرهارد شرودر يرفض حصول المجموعة الاميركية ""جنرال ديناميكس"" على رخصة لتصنيع الدبابة الالمانية ""ليوبارد 2"" عبر شراء المجموعة الحكومية الاسبانية للاسلحة ""سانتا بربارة"".","['ب.', 'ب.', 'ب.""', 'وقال المسؤول الالماني الذي يقوم بزيارة للعاصمة التركية في مؤتمر صحفي عقده في انقره: ""دعوني اقول بلا مواربة إن كل الاتفاقات التي ابرمت بين تركيا والاتحاد الاوروبي ما زالت سارية، وإن الحكومة الالمانية الحالية ستحترم كل الالتزامات المترتبة على هذه الاتفاقات.', 'وقالت مخاطبة جمعا من الطلاب في احدى الجامعات بقطر: ""ما نراه اليوم ان الحكومة الايرانية، بما فيها المرشد الاعلى ورئيس الجمهورية والبرلمان، يجري استبدالها وان ايران تتحول تدريجيا الى نظام ديكتاتوري عسكري.']"
قال إنه يستكمل حرب الاستقلال.,"['فبعد اربعة عشر عاما من نهاية حرب الاستقلال المدمرة هناك مخاوف من اندلاع صراع جديد.', 'ويخشى الاكراد من قيام حكومة قومية عربية في بغداد بعد الانسحاب الامريكي قد تحاول القضاء على الاستقلال النسبي الذي يتمتع به الاكراد في مناطقهم منذ مابعد حرب الخليج عام 1991 .', '                           \u202dBBC Arabic\u202c - \u202eالشرق الأوسط\u202c - \u202eزعماء شمال وجنوب السودان يتوصلون لاتفاق\u202c                          content=""قال زعماء شمال وجنوب السودان الأحد إنهم توصلوا لاتفاق بشأن الإصلاحات الديمقراطية المتنازع عليها قبل الانتخابات التي ستجرى في العام المقبل والاستفتاء الذي سيجرى في جنوب البلاد بشأن الاستقلال.""', '/>                           الرئيسية          الشرق الأوسط   \t\t  العالم   \t\t  شارك برأيك   \t\t  اقتصاد وأعمال   \t\t  منوعات  \t \t\t  علوم وتكنولوجيا   \t\t  رياضة   \t\t  راديو وتلفزيون                   آخر تحديث:  \xa0الاحد, 13 ديسمبر/ كانون الأول, 2009, 13:11 GMT            زعماء شمال وجنوب السودان يتوصلون لاتفاق                 قال زعماء شمال وجنوب السودان الأحد إنهم توصلوا لاتفاق بشأن الإصلاحات الديمقراطية المتنازع عليها قبل الانتخابات التي ستجرى في العام المقبل والاستفتاء الذي سيجرى في جنوب البلاد بشأن الاستقلال.', '/>                            الرئيسية          الشرق الأوسط   \t\t  العالم   \t\t  شارك برأيك   \t\t  اقتصاد وأعمال   \t\t  منوعات  \t \t\t  علوم وتكنولوجيا   \t\t  رياضة   \t\t  راديو وتلفزيون                   آخر تحديث:  \xa0الثلاثاء, 19 يناير/ كانون الثاني, 2010, 19:02 GMT            البشير: السودان سيوافق على الانفصال                 قال الرئيس السوداني عمر البشير  إن السودان مستعد لقبول انفصال الجنوب في حال صوت سكان الجنوب لصالح الاستقلال السنة القادمة.']"
"وفي قرار استثنائي، سمحت له الامم المتحدة منذ كانون الاول/ديسمبر 1996 وبموجب اتفاق ""النفط مقابل الغذاء""، بتصدير كميات محددة من نفطه الخام لشراء المواد الاساسية والادوية.","['وهذه هي الزيارة الثانية للامين العام للامم المتحدة الى غزة منذ عملية ""الرصاص  المصبوب"" الجوية والبحرية التي شنتها اسرائيل من 27 ديسمبر/ كانون الاول 2008  الى 18 يناير/ كانون الثاني 2009.', 'وينتظر ان يحل الاتفاق الجديد الذي يتفاوض بشأنه وفدان امريكي وروسي منذ اكثر من ستة اشهر، مكان معاهدة ستارت-1 المبرمة في 1991 وانتهى العمل بها في  الخامس من شهر ديسمبر/ كانون الاول الماضي.', 'وتقول دام إنها علمت اثناء زيارتها الاخيرة الى العاصمة الافغانية في شهر ديسمبر/كانون الاول المنصرم بأن الملا برادر كان قد زار كابول في العام الماضي.', 'وعلينا ان نستفيد من هذه الفرصة لانجاز الاتفاق.&#34;               وحث بان جميع رؤساء الدول والحكومات على التوجه في الايام الاخيرة الى قمة الامم المتحدة التي تعقد في العاصمة الدنماركية من السابع الى الثامن عشر من ديسمبر كانون الاول.', 'واعربت الامم المتحدة عن مخاوفها من الخطة.']"
وتعقد منظمة تضامن الشعوب الافريقية والآسيوية ومركز البحوث العربية ندوة دولية في القاهرة بالتعاون مع 14 منظمة عربية وافريقية ومصرية. ووجهت الدعوات الى جماعات وشخصيات دولية ساهمت في مناهضة المنظمة العالمية للتجارة.,"['يقول التقرير: ""في صورة معبرة عن النظام العالمي الجديد، دشنت دول عربية  خطوات سرية بالتعاون مع الصين وروسيا وفرنسا لوقف استخدام العملة الأمريكية لتجارة  النفط"".', 'ولفتت المنظمة الى ان الادارة الحكومية المتضخمة والتي توظف مزيدا من الناس بهدف الاقلال من نسب البطالة العالية والترقية حسب الاقدمية وليس حسب الكفاءة وتدني اجور موظفي الدولة يجعل مهمة محاربة الفساد اكثر صعوبة.', 'ومضت قائلة ""واليوم اضحت المستوطنات متداخلة مع البلدات العربية لذلك يجب التفكير في الامر، ربما يتم نقل قسم من السكان من الطرفين الى مكان اخر بعد تنازلهم عن مكان سكنهم"".', 'ويناقش اللقاء سياسات محاربة الارهاب والجريمة المنظمة وكيفية ضبط الحدود العراقية وتبادل المعلومات مع بغداد لمساعدتها في حربها على الإرهاب ومحاولة تصفية الخلاف السوري العراقي.', 'تباين               ومع اختلاف تاثر اقتصادات الدول العربية بالازمة العالمية عن اقتصادات متقدمة كما في بريطانيا وامريكا واقتصادات صاعدة كما في الصين والهند، تتباين دول المنطقة في تاثرها.']"
ومن أبرز من أفتوا بتكفير البهائيين شيخ الأزهر السابق الدكتور جاد الحق علي جاد الحق.,"['وشرع في تنفيذ القانون على الرغم من اعتراض أصحاب هذه المحلات خشية إحجام الزبائن.', 'وشغل طنطاوي منصب شيخ الجامع الازهر منذ عام 1996 خلفا للشيخ جاد الحق علي جاد الحق.', 'ويُذكر أن هايتي هي أفقر دولة في الجزء الغربي من الكرة الأرضية.', 'ويُذكر أن هايتي هي أفقر دولة في الجزء الغربي من الكرة الأرضية.', 'من الواضح أن أي هجوم اسرائيلي على ايران سيلعب فيه سلاح الطيران الدور الأساسي.']"
* إذن هي محكمة خاصة؟,"['                           \u202dBBC Arabic\u202c - \u202eالعالم\u202c - \u202eالقادة الافارقة يتفقون على اقامة محكمة خاصة بدارفور\u202c                          content=""القادة الافارقة يتفقون على اقامة محكمة مختلطة تضم قضاة سوادنيين واجانب لمحاكمة المسؤولين عن اعمال العنف اقليم دارفور السوداني.""', '/>                            الرئيسية          الشرق الأوسط   \t\t  العالم   \t\t  شارك برأيك   \t\t  اقتصاد وأعمال   \t\t  منوعات  \t \t\t  علوم وتكنولوجيا   \t\t  رياضة   \t\t  راديو وتلفزيون                   آخر تحديث:  \xa0السبت, 31 أكتوبر/ تشرين الأول, 2009, 03:30 GMT            القادة الافارقة يتفقون على اقامة محكمة خاصة بدارفور                اتفق القادة الافارقة في اجتماعهم بالعاصمة النيجرية ابوجا على اقامة محاكم مختلطة تضم قضاة سوادنيين واجانب لمحاكمة المسؤولين عن اعمال العنف والقتل التي شهدها اقليم دارفور السوادني خلال السنوات الست الماضية.', 'يُشار إلى أن محكمة دولية خاصة كانت قد أنشئت للتحقيق بملابسات مقتل الحريري، وقد تم إنشاؤها بموجب قرار صادر عن مجلس الأمن الدولي في عام 2007، ومقرها الآن في مدينة لاهاي بهولندا، ومهمتها محاكمة المشتبه بهم بالجريمة.', 'وكان اكثر من مئة معارض قد مثلوا يوم السبت امام محكمة ثورية خاصة في طهران بتهم تشمل الشغب واتلاف الممتلكات العامة والتآمر.', 'وكان اكثر من مئة معارض قد مثلوا يوم السبت امام محكمة ثورية خاصة في طهران بتهم  تشمل الشغب واتلاف الممتلكات العامة والتآمر.']"
مستشفى فى بكين يعلن مغادرة جميع مرضى سارس من الاجانب بعد شفائهم شفائهم,"['وتم وضع الشيخ عيسى رهن الاقامة الجبرية ومنع من مغادرة البلاد.', 'ويعتقد ان كريسر الحقيقي يعمل في مستشفى في مدينة القدس.', 'ويعالج التلاميذ، اربعة منهم امريكيون واربعة بريطانيون، في مستشفى في بكين ويقال ان حالتهم مستقرة.', 'فمن جهة يعلن تجميد الاستيطان، ومن جهة اخرى يشجع على بناء مستوطنات معزولة؟"".', 'وقال كامبل في شهادته ان بلير لم يطلب منه مطلقا القيام بعمل مخالف.']"
وكان العقيد محمد لبيب رئيس مجلس إدارة الاتحاد المصري للشطرنج ورئيس بعثة الشطرنج لدورة الألعاب الأفريقية واللاعب الدولي عصام علي أحمد عضو المنتخب توفيا نتيجة إصابتهما بمرض التهاب السحايا أثناء وجودهما في العاصمة النيجيرية أبوجا ضمن البعثة المصرية لدورة الألعاب الأفريقية التي استمرت من 4 إلى 18 أكتوبر الجاري.,"['وأشار البيت الأبيض في بيانه إلى أن اوباما أبلغ رئيس اللجنة الأولمبية الأمريكية لاري بروبست أنه سيكون مشغولا في العمل على اصلاح النظام الصحي عند اختيار المدينة المنظمة لاولمبياد خلال اجتماع اللجنة الاوليمبية الدولية في الثاني من أكتوبر/  تشرين الاول في العاصمة الدنماركية.', '""في وقت سابق من هذا الاسبوع تبين ان سيدة امريكية، استخدمت الاسم الحركي ""جهاد جين"" على الإنترنت، موجودة في السجن منذ أكتوبر/ تشرين الاول، وكانت قد اتهمت بمحاولة السفر إلى السويد لقتل رسام الكاريكاتير الذي أثار غضب المسلمين بعد أن صور النبي محمد في رسوم مسيئة"".', 'وجاءت هذه المباراة ضمن استعدادات المنتخب المصري للمباراة الفاصلة التي ستقام في الرابع عشر من الشهر الجاري مع المنتخب الجزائري في القاهرة ضمن تصفيات التأهل لنهائيات كأس العالم وكأس الأمم الافريقية في جنوب افريقيا وانجولا عام 2010.', '&#34;من مصلحة الصين ألا تخلق أوضاعا يمكن أن تؤدي إلى الحمائية&#34;                      مفوض الاتحاد الأوروبي للشؤون الاقتصادية                 فعلى مدار الأشهر الثمانية عشرة الماضية استمرت العملة الصينية محددة أمام الدولار المتناقص القيمة، بما أدى إلى الإضرار بالصادرات الأوروبية إلى الصين، حيث احتفظ اليوان بميزة تنافسية من حيث السعر.', 'وقد تعهد رئيس الاتحاد سمير زاهر كتابة، بتوفير جميع سبل  الأمن لبعثة المنتخب الجزائري قبل المباراة المرتقبة بين منتخبي البلدين السبت في  الجولة الأخيرة من التصفيات الأفريقية المؤهلة لنهائيات كأس العالم 2010 بجنوب  أفريقيا 2010 وحتى مغادرتها مطار القاهرة الدولي بعد المباراة.']"
"وتابع ""بعد اشرافي على تدريبات الفريق سأحدد مراكز الضعف وسأسعى الى التنسيق مع المسؤولين في النادي لضم بعض اللاعبين الذين احتاج اليهم لاتمكن من تطبيق اسلوبي التدريبي"".","['وستجري خلال اجتماع الحكومتين، الذي يعد الثاني من نوعه بعد اجتماع في اسرائيل قبل عامين، مناقشة عدد من المسائل الهامة مثل المسألة الايرانية، كما تهدف الى التأكيد على متانة العلاقات بين البلدين.', 'وجاء في البحث انه من ""الصعب العثور على دليل ثابت وملموس على العلاقة بين التغيرات المناخية  والظروف المناخية القاسية التي تشهدها بعض المناطق في العالم لكن الابحاث تشير الى احتمال وقوعها"".', 'وقد اعلنت الامم المتحدة انه تم استبدال 200 من كبار المسؤولين الذين اتهموا بالتواطؤ مع اعمال التزوير التي افيد بوقوعها في مراكز الاقتراع.', 'وعلى الرغم من رفضها المقترح الرئيسي الذي تقدمت به الوكالة، كانت طهران قد اشارت الى ان اتفاقا مع الوكالة لا يزال ممكنا بعد ادخال تعديلات على ما تقدم به المجتمع الدولي.', 'وعلى الرغم من رفضها المقترح الرئيسي الذي تقدما به الوكالة، كانت طهران قد اشارت الى ان اتفاقا مع الوكالة لا يزال ممكنا بعد ادخال تعديلات على ما تقدم به المجتمع الدولي.']"
